Référence DVF;Date de vente;Mois;Année;Mois-Année;Type de mutation;Département;Communes;Adresse complète;Adresse libellé;Code postal;Commune;Cadastre;Nature des biens;Montant de la cession hors droits;Surface Bâtie;Surface Terrain;Nombre de pièces;Prix / m² bâti;Prix / m² terrain;Zonage;Fiche détaillée urbanisme;Documents urbanisme;Coordonnées X;Coordonnées Y
7cf3678925129df78298626b0ecf84eb;26/06/2025;06;2025;06-2025;Vente;75;{75106};10 Rue Guenegaud 75006 Paris 06;10 Rue Guenegaud;75006;PARIS 06;{75106000AB0009,75106000AC0082};Deux appartements;1577000;96;0;5;16427,08;0;{UG};{https://www.geoportail-urbanisme.gouv.fr/map/parcel-info/75_106_000_000_AB_0009,https://www.geoportail-urbanisme.gouv.fr/map/parcel-info/75_106_000_000_AC_0082};https://www.geoportail-urbanisme.gouv.fr/document/by-id/4a02192762e3f46a75fe0f69f31c2bf2;2,338954554;48,8558817
b60cb381a1911aef140a689628db2818;26/06/2025;06;2025;06-2025;Vente;75;{75106};28 Rue Du Four 75006 Paris 06;28 Rue Du Four;75006;PARIS 06;{75106000BJ0065};Un appartement;640000;55;0;2;11636,36;0;{UG};{https://www.geoportail-urbanisme.gouv.fr/map/parcel-info/75_106_000_000_BJ_0065};https://www.geoportail-urbanisme.gouv.fr/document/by-id/4a02192762e3f46a75fe0f69f31c2bf2;2,332956837;48,85285403
91a613eaf75ad8c699a52463ee1935ae;25/06/2025;06;2025;06-2025;Vente;75;{75106};118 Rue De Vaugirard 75006 Paris 06;118 Rue De Vaugirard;75006;PARIS 06;{75106000AZ0037};Un appartement;576900;30;0;1;19230;0;{UG};{https://www.geoportail-urbanisme.gouv.fr/map/parcel-info/75_106_000_000_AZ_0037};https://www.geoportail-urbanisme.gouv.fr/document/by-id/4a02192762e3f46a75fe0f69f31c2bf2;2,32107617;48,84572598
d10ee92bb085644734239c6973db1b13;25/06/2025;06;2025;06-2025;Vente;75;{75106};3 Rue De La Grande Chaumiere 75006 Paris 06;3 Rue De La Grande Chaumiere;75006;PARIS 06;{75106000AT0084};Un appartement;391304,34;41;0;2;9544,01;0;{UG};{https://www.geoportail-urbanisme.gouv.fr/map/parcel-info/75_106_000_000_AT_0084};https://www.geoportail-urbanisme.gouv.fr/document/by-id/4a02192762e3f46a75fe0f69f31c2bf2;2,331468681;48,84246566
4df803e2b22ee012014cdc02118287b4;23/06/2025;06;2025;06-2025;Vente;75;{75106};15 Rue Madame 75006 Paris 06;15 Rue Madame;75006;PARIS 06;{75106000AI0002};Un appartement;2768138,8;86;0;4;32187,66;0;{UG};{https://www.geoportail-urbanisme.gouv.fr/map/parcel-info/75_106_000_000_AI_0002};https://www.geoportail-urbanisme.gouv.fr/document/by-id/4a02192762e3f46a75fe0f69f31c2bf2;2,332113247;48,85103061
da98f257541dc8a4b5f5d008c2182946;18/06/2025;06;2025;06-2025;Vente;75;{75106};21 Rue Guenegaud 75006 Paris 06;21 Rue Guenegaud;75006;PARIS 06;{75106000AC0076};Un appartement;675000;42;0;3;16071,43;0;{UG};{https://www.geoportail-urbanisme.gouv.fr/map/parcel-info/75_106_000_000_AC_0076};https://www.geoportail-urbanisme.gouv.fr/document/by-id/4a02192762e3f46a75fe0f69f31c2bf2;2,338702499;48,85554392
7e798ced5253044a1cc3404d7333d989;17/06/2025;06;2025;06-2025;Vente;75;{75106};12 Rue Notre-Dame Des Champs 75006 Paris 06;12 Rue Notre-Dame Des Champs;75006;PARIS 06;{75106000AV0103};Un appartement;624000;49;0;2;12734,69;0;{UG};{https://www.geoportail-urbanisme.gouv.fr/map/parcel-info/75_106_000_000_AV_0103};https://www.geoportail-urbanisme.gouv.fr/document/by-id/4a02192762e3f46a75fe0f69f31c2bf2;2,327015988;48,84634602
372a2ff14ffeea0be6cbc143f0cb34f2;17/06/2025;06;2025;06-2025;Vente;75;{75106};58 Rue Bonaparte 75006 Paris 06;58 Rue Bonaparte;75006;PARIS 06;{75106000BJ0065};Activite;1710000;82;0;0;20853,66;0;{UG};{https://www.geoportail-urbanisme.gouv.fr/map/parcel-info/75_106_000_000_BJ_0065};https://www.geoportail-urbanisme.gouv.fr/document/by-id/4a02192762e3f46a75fe0f69f31c2bf2;2,332956837;48,85285403
3a57d26bb64ad455719465223a81fb86;16/06/2025;06;2025;06-2025;Vente;75;{75106};113 Rue Du Cherche-Midi 75006 Paris 06;113 Rue Du Cherche-Midi;75006;PARIS 06;{75106000AZ0004};Activite;1165000;97;0;0;12010,31;0;{UG};{https://www.geoportail-urbanisme.gouv.fr/map/parcel-info/75_106_000_000_AZ_0004};https://www.geoportail-urbanisme.gouv.fr/document/by-id/4a02192762e3f46a75fe0f69f31c2bf2;2,320124254;48,84577525
bf314979025d5716f9e615e99cafb2df;16/06/2025;06;2025;06-2025;Vente;75;{75106};19 Rue Mazarine 75006 Paris 06;19 Rue Mazarine;75006;PARIS 06;{75106000AC0041,75106000AC0044};Un appartement;2888800;113;0;4;25564,6;0;{UG};{https://www.geoportail-urbanisme.gouv.fr/map/parcel-info/75_106_000_000_AC_0041,https://www.geoportail-urbanisme.gouv.fr/map/parcel-info/75_106_000_000_AC_0044};https://www.geoportail-urbanisme.gouv.fr/document/by-id/4a02192762e3f46a75fe0f69f31c2bf2;2,338592165;48,85490473
6dc6e73f94aad6de1f0d4620dfc0ac1d;06/06/2025;06;2025;06-2025;Vente;75;{75106};1 Bd Du Montparnasse 75006 Paris 06;1 Bd Du Montparnasse;75006;PARIS 06;{75106000BC0001};Un appartement;1040000;78;0;3;13333,33;0;{UG};{https://www.geoportail-urbanisme.gouv.fr/map/parcel-info/75_106_000_000_BC_0001};https://www.geoportail-urbanisme.gouv.fr/document/by-id/4a02192762e3f46a75fe0f69f31c2bf2;2,317328669;48,84683167
bdee49a149acdd33492fdb12c1eb4641;06/06/2025;06;2025;06-2025;Vente;75;{75106};6 Rue Jacob 75006 Paris 06;6 Rue Jacob;75006;PARIS 06;{75106000BK0028};Un appartement;1345300;68;0;3;19783,82;0;{UG};{https://www.geoportail-urbanisme.gouv.fr/map/parcel-info/75_106_000_000_BK_0028};https://www.geoportail-urbanisme.gouv.fr/document/by-id/4a02192762e3f46a75fe0f69f31c2bf2;2,336305038;48,85493269
f72ccb6c37c10241fc73a76445919df3;05/06/2025;06;2025;06-2025;Vente;75;{75106};31 Rue D Assas 75006 Paris 06;31 Rue D Assas;75006;PARIS 06;{75106000AV0027};Un appartement;701200;44;0;3;15936,36;0;{UG};{https://www.geoportail-urbanisme.gouv.fr/map/parcel-info/75_106_000_000_AV_0027};https://www.geoportail-urbanisme.gouv.fr/document/by-id/4a02192762e3f46a75fe0f69f31c2bf2;2,330104551;48,84743987
5f625273ebc4da9cf7a846ba53eaea68;02/06/2025;06;2025;06-2025;Vente;75;{75106};9 Rue De Fleurus 75006 Paris 06;9 Rue De Fleurus;75006;PARIS 06;{75106000AV0052};Un appartement;1187000;72;0;3;16486,11;0;{UG};{https://www.geoportail-urbanisme.gouv.fr/map/parcel-info/75_106_000_000_AV_0052};https://www.geoportail-urbanisme.gouv.fr/document/by-id/4a02192762e3f46a75fe0f69f31c2bf2;2,330912902;48,84687539
79eacef624d48be6bd400162f461849a;28/05/2025;05;2025;05-2025;Vente;75;{75106};8 Rue Jacob 75006 Paris 06;8 Rue Jacob;75006;PARIS 06;{75106000BK0027};Un appartement;415000;33;0;2;12575,76;0;{UG};{https://www.geoportail-urbanisme.gouv.fr/map/parcel-info/75_106_000_000_BK_0027};https://www.geoportail-urbanisme.gouv.fr/document/by-id/4a02192762e3f46a75fe0f69f31c2bf2;2,336204811;48,85490202
2d92368288b5353fcd96e8208dd0470c;27/05/2025;05;2025;05-2025;Vente;75;{75106};11 Rue Mazarine 75006 Paris 06;11 Rue Mazarine;75006;PARIS 06;{75106000AB0015};Deux appartements;1815000;99;0;5;18333,33;0;{UG};{https://www.geoportail-urbanisme.gouv.fr/map/parcel-info/75_106_000_000_AB_0015};https://www.geoportail-urbanisme.gouv.fr/document/by-id/4a02192762e3f46a75fe0f69f31c2bf2;2,337840548;48,85550987
69daf3023ef0ce11d204e77dd5250033;27/05/2025;05;2025;05-2025;Vente;75;{75106};135 Rue De Sevres 75006 Paris 06;135 Rue De Sevres;75006;PARIS 06;{75106000BC0070};Un appartement;752100;51;0;2;14747,06;0;{UG};{https://www.geoportail-urbanisme.gouv.fr/map/parcel-info/75_106_000_000_BC_0070};https://www.geoportail-urbanisme.gouv.fr/document/by-id/4a02192762e3f46a75fe0f69f31c2bf2;2,317925189;48,84699785
ac76ec8b993a525cc901daaa5536ebd5;27/05/2025;05;2025;05-2025;Vente;75;{75106};4 Rue Huysmans 75006 Paris 06;4 Rue Huysmans;75006;PARIS 06;{75106000AV0081};Un appartement;692000;60;0;2;11533,33;0;{UG};{https://www.geoportail-urbanisme.gouv.fr/map/parcel-info/75_106_000_000_AV_0081};https://www.geoportail-urbanisme.gouv.fr/document/by-id/4a02192762e3f46a75fe0f69f31c2bf2;2,329581198;48,84616149
ded71afb495bf0afba5ce5161f587ebb;26/05/2025;05;2025;05-2025;Vente;75;{75106};109 Rue Du Cherche-Midi 75006 Paris 06;109 Rue Du Cherche-Midi;75006;PARIS 06;{75106000AZ0005};Un appartement;500000;37;0;2;13513,51;0;{UG};{https://www.geoportail-urbanisme.gouv.fr/map/parcel-info/75_106_000_000_AZ_0005};https://www.geoportail-urbanisme.gouv.fr/document/by-id/4a02192762e3f46a75fe0f69f31c2bf2;2,320445966;48,84583173
12b889f6ee73f86f9241a6737cba87ea;26/05/2025;05;2025;05-2025;Vente;75;{75106};28 Rue Bonaparte 75006 Paris 06;28 Rue Bonaparte;75006;PARIS 06;{75106000BM0032};Activite;670000;72;0;0;9305,56;0;{UG};{https://www.geoportail-urbanisme.gouv.fr/map/parcel-info/75_106_000_000_BM_0032};https://www.geoportail-urbanisme.gouv.fr/document/by-id/4a02192762e3f46a75fe0f69f31c2bf2;2,333924145;48,85576623
2d94535ff20c767c121b3abf88e5c8aa;23/05/2025;05;2025;05-2025;Vente;75;{75106};91 Rue De Seine 75006 Paris 06;91 Rue De Seine;75006;PARIS 06;{75106000AG0006};Deux appartements;1047619;66;0;4;15873,02;0;{UG};{https://www.geoportail-urbanisme.gouv.fr/map/parcel-info/75_106_000_000_AG_0006};https://www.geoportail-urbanisme.gouv.fr/document/by-id/4a02192762e3f46a75fe0f69f31c2bf2;2,337255687;48,85230797
bce9f74c9805c2fb17f0374641e50ac5;21/05/2025;05;2025;05-2025;Vente;75;{75106};5 Rue Michelet 75006 Paris 06;5 Rue Michelet;75006;PARIS 06;{75106000AQ0009};Un appartement;570000;42;0;2;13571,43;0;{UG};{https://www.geoportail-urbanisme.gouv.fr/map/parcel-info/75_106_000_000_AQ_0009};https://www.geoportail-urbanisme.gouv.fr/document/by-id/4a02192762e3f46a75fe0f69f31c2bf2;2,335742975;48,84233787
4faa277cfb940b230db75e1908ce5148;16/05/2025;05;2025;05-2025;Vente;75;{75106};99 Rue De Sevres 75006 Paris 06;99 Rue De Sevres;75006;PARIS 06;{75106000BD0035};Activite;300000;60;0;0;5000;0;{UG};{https://www.geoportail-urbanisme.gouv.fr/map/parcel-info/75_106_000_000_BD_0035};https://www.geoportail-urbanisme.gouv.fr/document/by-id/4a02192762e3f46a75fe0f69f31c2bf2;2,321263685;48,84822611
44889b95e4cd485e89bbe6b414139843;14/05/2025;05;2025;05-2025;Vente;75;{75106};16 Rue Mayet 75006 Paris 06;16 Rue Mayet;75006;PARIS 06;{75106000BC0025};Un appartement;440000;45;0;2;9777,78;0;{UG};{https://www.geoportail-urbanisme.gouv.fr/map/parcel-info/75_106_000_000_BC_0025};https://www.geoportail-urbanisme.gouv.fr/document/by-id/4a02192762e3f46a75fe0f69f31c2bf2;2,318822602;48,84653327
5da6fed5f14a0e0875e2329d1e854db1;14/05/2025;05;2025;05-2025;Vente;75;{75106};17 Rue De Sevres 75006 Paris 06;17 Rue De Sevres;75006;PARIS 06;{75106000BH0003};Un appartement;2300000;104;0;4;22115,38;0;{UG};{https://www.geoportail-urbanisme.gouv.fr/map/parcel-info/75_106_000_000_BH_0003};https://www.geoportail-urbanisme.gouv.fr/document/by-id/4a02192762e3f46a75fe0f69f31c2bf2;2,327981155;48,85141475
eaf851b53067ad1dba25b952a8d579a2;12/05/2025;05;2025;05-2025;Vente;75;{75106};2 Rue De Tournon 75006 Paris 06;2 Rue De Tournon;75006;PARIS 06;{75106000AJ0019};Un appartement;1010000;51;0;1;19803,92;0;{UG};{https://www.geoportail-urbanisme.gouv.fr/map/parcel-info/75_106_000_000_AJ_0019};https://www.geoportail-urbanisme.gouv.fr/document/by-id/4a02192762e3f46a75fe0f69f31c2bf2;2,336815714;48,85129901
727cb00f032b885030574c16e42d8dc8;09/05/2025;05;2025;05-2025;Vente;75;{75106};7 Rue Pierre Sarrazin 75006 Paris 06;7 Rue Pierre Sarrazin;75006;PARIS 06;{75106000AF0057};Un appartement;1010000;72;0;3;14027,78;0;{UG};{https://www.geoportail-urbanisme.gouv.fr/map/parcel-info/75_106_000_000_AF_0057};https://www.geoportail-urbanisme.gouv.fr/document/by-id/4a02192762e3f46a75fe0f69f31c2bf2;2,342139062;48,85076541
00b24f0f87290ce123cadc7f67087c75;07/05/2025;05;2025;05-2025;Vente;75;{75106};71 Rue De Seine 75006 Paris 06;71 Rue De Seine;75006;PARIS 06;{75106000AC0012};Activite;900000;50;0;0;18000;0;{UG};{https://www.geoportail-urbanisme.gouv.fr/map/parcel-info/75_106_000_000_AC_0012};https://www.geoportail-urbanisme.gouv.fr/document/by-id/4a02192762e3f46a75fe0f69f31c2bf2;2,337059875;48,85404406
bf412443a4abc68113b9a5895325a6bb;06/05/2025;05;2025;05-2025;Vente;75;{75106};135 B Bd Du Montparnasse 75006 Paris 06;135 B Bd Du Montparnasse;75006;PARIS 06;{75106000AR0083};Un appartement;580000;53;0;3;10943,4;0;{UG};{https://www.geoportail-urbanisme.gouv.fr/map/parcel-info/75_106_000_000_AR_0083};https://www.geoportail-urbanisme.gouv.fr/document/by-id/4a02192762e3f46a75fe0f69f31c2bf2;2,332481802;48,84132693
055feba78186d3eaa80dc94d51f7e1d9;05/05/2025;05;2025;05-2025;Vente;75;{75106};9 Rue De Fleurus 75006 Paris 06;9 Rue De Fleurus;75006;PARIS 06;{75106000AV0052};Un appartement;719000;57;0;2;12614,04;0;{UG};{https://www.geoportail-urbanisme.gouv.fr/map/parcel-info/75_106_000_000_AV_0052};https://www.geoportail-urbanisme.gouv.fr/document/by-id/4a02192762e3f46a75fe0f69f31c2bf2;2,330912902;48,84687539
2709ddb685d77eda9c14171794ad97cf;05/05/2025;05;2025;05-2025;Vente;75;{75106};26 Rue Saint Andre Des Arts 75006 Paris 06;26 Rue Saint Andre Des Arts;75006;PARIS 06;{75106000AE0080};Un appartement;1400000;116;0;3;12068,97;0;{UG};{https://www.geoportail-urbanisme.gouv.fr/map/parcel-info/75_106_000_000_AE_0080};https://www.geoportail-urbanisme.gouv.fr/document/by-id/4a02192762e3f46a75fe0f69f31c2bf2;2,342618147;48,85337858
5ac217594e40917abfefafcbd32e4e0d;05/05/2025;05;2025;05-2025;Vente;75;{75106};8 Rue De Tournon 75006 Paris 06;8 Rue De Tournon;75006;PARIS 06;{75106000AJ0014};Un appartement;1000000;52;0;2;19230,77;0;{UG};{https://www.geoportail-urbanisme.gouv.fr/map/parcel-info/75_106_000_000_AJ_0014};https://www.geoportail-urbanisme.gouv.fr/document/by-id/4a02192762e3f46a75fe0f69f31c2bf2;2,336696835;48,85055759
6a9850bba18243fa1afa73adf5abd354;02/05/2025;05;2025;05-2025;Vente;75;{75106};7 Rue De La Grande Chaumiere 75006 Paris 06;7 Rue De La Grande Chaumiere;75006;PARIS 06;{75106000AT0090};Un appartement;409500;37;0;2;11067,57;0;{UG};{https://www.geoportail-urbanisme.gouv.fr/map/parcel-info/75_106_000_000_AT_0090};https://www.geoportail-urbanisme.gouv.fr/document/by-id/4a02192762e3f46a75fe0f69f31c2bf2;2,331076982;48,8422256
a4f20a54247963a394b06a66a1dcc745;30/04/2025;04;2025;04-2025;Vente;75;{75106};12 Rue St J Baptiste De La Salle 75006 Paris 06;12 Rue St J Baptiste De La Salle;75006;PARIS 06;{75106000BC0051};Un appartement;710400;69;0;3;10295,65;0;{UG};{https://www.geoportail-urbanisme.gouv.fr/map/parcel-info/75_106_000_000_BC_0051};https://www.geoportail-urbanisme.gouv.fr/document/by-id/4a02192762e3f46a75fe0f69f31c2bf2;2,319817158;48,84703728
466ce1658528d6e2b3b40543baaeff28;30/04/2025;04;2025;04-2025;Vente;75;{75106};48 Rue Monsieur Le Prince 75006 Paris 06;48 Rue Monsieur Le Prince;75006;PARIS 06;{75106000AK0064};Un appartement;450000;36;0;2;12500;0;{UG};{https://www.geoportail-urbanisme.gouv.fr/map/parcel-info/75_106_000_000_AK_0064};https://www.geoportail-urbanisme.gouv.fr/document/by-id/4a02192762e3f46a75fe0f69f31c2bf2;2,340177889;48,84838247
c116127c32212debc657327c78e50d94;30/04/2025;04;2025;04-2025;Vente;75;{75106};18 Rue Princesse 75006 Paris 06;18 Rue Princesse;75006;PARIS 06;{75106000AH0061};Un appartement;780000;61;0;2;12786,89;0;{UG};{https://www.geoportail-urbanisme.gouv.fr/map/parcel-info/75_106_000_000_AH_0061};https://www.geoportail-urbanisme.gouv.fr/document/by-id/4a02192762e3f46a75fe0f69f31c2bf2;2,334419751;48,85210679
96e5e7ee6eb9d150ad2b0358199b7545;30/04/2025;04;2025;04-2025;Vente;75;{75106};22 Rue Du Cherche-Midi 75006 Paris 06;22 Rue Du Cherche-Midi;75006;PARIS 06;{75106000BH0027};Bati mixte - logement/activite;1700000;85;0;1;20000;0;{UG};{https://www.geoportail-urbanisme.gouv.fr/map/parcel-info/75_106_000_000_BH_0027};https://www.geoportail-urbanisme.gouv.fr/document/by-id/4a02192762e3f46a75fe0f69f31c2bf2;2,327997975;48,85078165
b2b745185e75cf057f5ed319f7ff4f54;29/04/2025;04;2025;04-2025;Vente;75;{75106};108 B Rue De Rennes 75006 Paris 06;108 B Rue De Rennes;75006;PARIS 06;{75106000BG0016};Un appartement;1306850;87;0;4;15021,26;0;{UG};{https://www.geoportail-urbanisme.gouv.fr/map/parcel-info/75_106_000_000_BG_0016};https://www.geoportail-urbanisme.gouv.fr/document/by-id/4a02192762e3f46a75fe0f69f31c2bf2;2,328132491;48,84860847
a554790e28b34b778b723688cc05266a;29/04/2025;04;2025;04-2025;Vente;75;{75106};42 Rue Saint Placide 75006 Paris 06;42 Rue Saint Placide;75006;PARIS 06;{75106000BF0026};Activite;800000;39;0;0;20512,82;0;{UG};{https://www.geoportail-urbanisme.gouv.fr/map/parcel-info/75_106_000_000_BF_0026};https://www.geoportail-urbanisme.gouv.fr/document/by-id/4a02192762e3f46a75fe0f69f31c2bf2;2,325718547;48,84806613
ece5e8f10ce9adafd8690dc3f8ecfa75;29/04/2025;04;2025;04-2025;Vente;75;{75106};16 Rue Dauphine 75006 Paris 06;16 Rue Dauphine;75006;PARIS 06;{75106000AC0089};Un appartement;1200000;100;0;4;12000;0;{UG};{https://www.geoportail-urbanisme.gouv.fr/map/parcel-info/75_106_000_000_AC_0089};https://www.geoportail-urbanisme.gouv.fr/document/by-id/4a02192762e3f46a75fe0f69f31c2bf2;2,339677578;48,85566904
ab8070eb68f1564bcc387f57cff42406;29/04/2025;04;2025;04-2025;Vente;75;{75106};6 Rue De Mezieres 75006 Paris 06;6 Rue De Mezieres;75006;PARIS 06;{75106000BH0090};Un appartement;2900000;115;0;5;25217,39;0;{UG};{https://www.geoportail-urbanisme.gouv.fr/map/parcel-info/75_106_000_000_BH_0090};https://www.geoportail-urbanisme.gouv.fr/document/by-id/4a02192762e3f46a75fe0f69f31c2bf2;2,331527493;48,85039132
2033c5c43a6cabecbb72908051f0d6c9;28/04/2025;04;2025;04-2025;Vente;75;{75106};13 Rue De L Abbe Gregoire 75006 Paris 06;13 Rue De L Abbe Gregoire;75006;PARIS 06;{75106000BE0009,75106000BE0010};Un appartement;1032000;75;0;3;13760;0;{UG};{https://www.geoportail-urbanisme.gouv.fr/map/parcel-info/75_106_000_000_BE_0009,https://www.geoportail-urbanisme.gouv.fr/map/parcel-info/75_106_000_000_BE_0010};https://www.geoportail-urbanisme.gouv.fr/document/by-id/4a02192762e3f46a75fe0f69f31c2bf2;2,324418529;48,8489843
809649b196cf9643f7716131bf899674;28/04/2025;04;2025;04-2025;Vente;75;{75106};2 Cour Du Commerce Saint Andre 75006 Paris 06;2 Cour Du Commerce Saint Andre;75006;PARIS 06;{75106000AD0129};Un appartement;742420;42;0;2;17676,67;0;{UG};{https://www.geoportail-urbanisme.gouv.fr/map/parcel-info/75_106_000_000_AD_0129};https://www.geoportail-urbanisme.gouv.fr/document/by-id/4a02192762e3f46a75fe0f69f31c2bf2;2,339119825;48,85325339
b49f679574d58443a02aab13b106d27d;28/04/2025;04;2025;04-2025;Vente;75;{75106};76 Bd Saint Michel 75006 Paris 06;76 Bd Saint Michel;75006;PARIS 06;{75106000AP0022};Un appartement;1054000;60;0;2;17566,67;0;{UG};{https://www.geoportail-urbanisme.gouv.fr/map/parcel-info/75_106_000_000_AP_0022};https://www.geoportail-urbanisme.gouv.fr/document/by-id/4a02192762e3f46a75fe0f69f31c2bf2;2,338086768;48,84311161
c68a0e1b4e5e0bc089d964469721a66c;24/04/2025;04;2025;04-2025;Vente;75;{75106};3 Rue Du Dragon 75006 Paris 06;3 Rue Du Dragon;75006;PARIS 06;{75106000BI0056};Deux appartements;355000;60;0;3;5916,67;0;{UG};{https://www.geoportail-urbanisme.gouv.fr/map/parcel-info/75_106_000_000_BI_0056};https://www.geoportail-urbanisme.gouv.fr/document/by-id/4a02192762e3f46a75fe0f69f31c2bf2;2,331509149;48,85369438
b5a94f8e346cd9a923de94ab826cccdd;24/04/2025;04;2025;04-2025;Vente;75;{75106};38 Rue Saint Sulpice 75006 Paris 06;38 Rue Saint Sulpice;75006;PARIS 06;{75106000AH0126};Un appartement;630000;44;0;3;14318,18;0;{UG};{https://www.geoportail-urbanisme.gouv.fr/map/parcel-info/75_106_000_000_AH_0126};https://www.geoportail-urbanisme.gouv.fr/document/by-id/4a02192762e3f46a75fe0f69f31c2bf2;2,334647062;48,85148387
c994dd2f20f8887d036d69fa97a7f611;24/04/2025;04;2025;04-2025;Vente;75;{75106};19 A Rue Jacob 75006 Paris 06;19 A Rue Jacob;75006;PARIS 06;{75106000BK0087};Bati mixte - logement/activite;1010000;111;0;3;9099,1;0;{UG};{https://www.geoportail-urbanisme.gouv.fr/map/parcel-info/75_106_000_000_BK_0087};https://www.geoportail-urbanisme.gouv.fr/document/by-id/4a02192762e3f46a75fe0f69f31c2bf2;2,334876311;48,85479651
a132de1693f516a1783383588b2491ab;23/04/2025;04;2025;04-2025;Vente;75;{75106};24 Rue De Conde 75006 Paris 06;24 Rue De Conde;75006;PARIS 06;{75106000AJ0042};Un appartement;299500;30;0;2;9983,33;0;{UG};{https://www.geoportail-urbanisme.gouv.fr/map/parcel-info/75_106_000_000_AJ_0042};https://www.geoportail-urbanisme.gouv.fr/document/by-id/4a02192762e3f46a75fe0f69f31c2bf2;2,337733319;48,85022055
5685c166c4b18dc2056147542ae8f835;22/04/2025;04;2025;04-2025;Vente;75;{75107};29 Rue Pierre Leroux 75007 Paris 07;29 Rue Pierre Leroux;75007;PARIS 07;{75107000BG0075};Un appartement;300000;30;0;1;10000;0;{US};{https://www.geoportail-urbanisme.gouv.fr/map/parcel-info/75_107_000_000_BG_0075};https://www.geoportail-urbanisme.gouv.fr/document/by-id/2878696fe46af1a8ba41d46374432943;2,319741966;48,84829207
a9e446d324bc2ed88457f03ecd2bb689;18/04/2025;04;2025;04-2025;Vente;75;{75106};6 Rue Des Beaux-Arts 75006 Paris 06;6 Rue Des Beaux-Arts;75006;PARIS 06;{75106000BM0059};Un appartement;2100000;38;0;2;55263,16;0;{UG};{https://www.geoportail-urbanisme.gouv.fr/map/parcel-info/75_106_000_000_BM_0059};https://www.geoportail-urbanisme.gouv.fr/document/by-id/4a02192762e3f46a75fe0f69f31c2bf2;2,335758418;48,85648894
ed37e6eaa39d10a13de73c982242ae62;16/04/2025;04;2025;04-2025;Vente;75;{75106};12 Rue De Tournon 75006 Paris 06;12 Rue De Tournon;75006;PARIS 06;{75106000AJ0065};Activite;1550000;85;0;0;18235,29;0;{UG};{https://www.geoportail-urbanisme.gouv.fr/map/parcel-info/75_106_000_000_AJ_0065};https://www.geoportail-urbanisme.gouv.fr/document/by-id/4a02192762e3f46a75fe0f69f31c2bf2;2,336688407;48,84984371
a0f9e13067c2b21d306e20f29439d9af;15/04/2025;04;2025;04-2025;Vente;75;{75106};99 Rue De Sevres 75006 Paris 06;99 Rue De Sevres;75006;PARIS 06;{75106000BD0035};Activite;200000;64;0;0;3125;0;{UG};{https://www.geoportail-urbanisme.gouv.fr/map/parcel-info/75_106_000_000_BD_0035};https://www.geoportail-urbanisme.gouv.fr/document/by-id/4a02192762e3f46a75fe0f69f31c2bf2;2,321263685;48,84822611
004212f1c487286d9a0d8ca3478be2cf;14/04/2025;04;2025;04-2025;Vente;75;{75106};21 Rue Du Vieux Colombier 75006 Paris 06;21 Rue Du Vieux Colombier;75006;PARIS 06;{75106000BH0058};Un appartement;1800000;35;0;2;51428,57;0;{UG};{https://www.geoportail-urbanisme.gouv.fr/map/parcel-info/75_106_000_000_BH_0058};https://www.geoportail-urbanisme.gouv.fr/document/by-id/4a02192762e3f46a75fe0f69f31c2bf2;2,330102651;48,85149862
d817b90032aa45236890b82b21a64653;11/04/2025;04;2025;04-2025;Vente;75;{75106};117 Bd Du Montparnasse 75006 Paris 06;117 Bd Du Montparnasse;75006;PARIS 06;{75106000AT0098};Deux appartements;639356;36;0;2;17759,89;0;{UG};{https://www.geoportail-urbanisme.gouv.fr/map/parcel-info/75_106_000_000_AT_0098};https://www.geoportail-urbanisme.gouv.fr/document/by-id/4a02192762e3f46a75fe0f69f31c2bf2;2,330312569;48,84200846
3cd7dcdd42bb5d9b9e9513809f336029;09/04/2025;04;2025;04-2025;Vente;75;{75106};4 Rue Clement 75006 Paris 06;4 Rue Clement;75006;PARIS 06;{75106000AH0095};Activite;400000;43;0;0;9302,33;0;{UG};{https://www.geoportail-urbanisme.gouv.fr/map/parcel-info/75_106_000_000_AH_0095};https://www.geoportail-urbanisme.gouv.fr/document/by-id/4a02192762e3f46a75fe0f69f31c2bf2;2,33640739;48,85258547
9d85eb5fb88eb19560505a842360f37c;08/04/2025;04;2025;04-2025;Vente;75;{75106};1 Rue Paul Sejourne 75006 Paris 06;1 Rue Paul Sejourne;75006;PARIS 06;{75106000AR0086};Un appartement;630900;44;0;2;14338,64;0;{UG};{https://www.geoportail-urbanisme.gouv.fr/map/parcel-info/75_106_000_000_AR_0086};https://www.geoportail-urbanisme.gouv.fr/document/by-id/4a02192762e3f46a75fe0f69f31c2bf2;2,332284391;48,84163924
1f87fbd0f531f81b75683a757def85d8;07/04/2025;04;2025;04-2025;Vente;75;{75106};1 Rue D Assas 75006 Paris 06;1 Rue D Assas;75006;PARIS 06;{75106000BH0031};Un appartement;524600;33;0;1;15896,97;0;{UG};{https://www.geoportail-urbanisme.gouv.fr/map/parcel-info/75_106_000_000_BH_0031};https://www.geoportail-urbanisme.gouv.fr/document/by-id/4a02192762e3f46a75fe0f69f31c2bf2;2,328341034;48,85043001
64d2c5c568ea6a5b7b90e3364b000836;03/04/2025;04;2025;04-2025;Vente;75;{75106};16 Rue De Conde 75006 Paris 06;16 Rue De Conde;75006;PARIS 06;{75106000AJ0035};Un appartement;810000;54;0;2;15000;0;{UG};{https://www.geoportail-urbanisme.gouv.fr/map/parcel-info/75_106_000_000_AJ_0035};https://www.geoportail-urbanisme.gouv.fr/document/by-id/4a02192762e3f46a75fe0f69f31c2bf2;2,337879755;48,85086761
5bdae83d46fa98b4d27db4b2ceb9ec9f;31/03/2025;03;2025;03-2025;Vente;75;{75106};7 Rue Coetlogon 75006 Paris 06;7 Rue Coetlogon;75006;PARIS 06;{75106000BG0045};Un appartement;405000;30;0;1;13500;0;{UG};{https://www.geoportail-urbanisme.gouv.fr/map/parcel-info/75_106_000_000_BG_0045};https://www.geoportail-urbanisme.gouv.fr/document/by-id/4a02192762e3f46a75fe0f69f31c2bf2;2,328781574;48,84983595
c1e4ea10e560efbedf2a8076d3fd0d36;31/03/2025;03;2025;03-2025;Vente;75;{75106};165 Bd Du Montparnasse 75006 Paris 06;165 Bd Du Montparnasse;75006;PARIS 06;{75106000AR0062};Un appartement;420000;45;0;1;9333,33;0;{UG};{https://www.geoportail-urbanisme.gouv.fr/map/parcel-info/75_106_000_000_AR_0062};https://www.geoportail-urbanisme.gouv.fr/document/by-id/4a02192762e3f46a75fe0f69f31c2bf2;2,335416322;48,84060926
2efbab67ab8158ace1f4f06222ee439b;31/03/2025;03;2025;03-2025;Vente;75;{75106};18 Rue De Seine 75006 Paris 06;18 Rue De Seine;75006;PARIS 06;{75106000BM0073};Un appartement;2628440;119;0;4;22087,73;0;{UG};{https://www.geoportail-urbanisme.gouv.fr/map/parcel-info/75_106_000_000_BM_0073};https://www.geoportail-urbanisme.gouv.fr/document/by-id/4a02192762e3f46a75fe0f69f31c2bf2;2,336418327;48,85600748
94ffb3d4723e3dd78bfdff2c4e12bc31;31/03/2025;03;2025;03-2025;Vente;75;{75106};147 Bd Raspail 75006 Paris 06;147 Bd Raspail;75006;PARIS 06;{75106000AT0072};Un appartement;1503500;90;0;4;16705,56;0;{UG};{https://www.geoportail-urbanisme.gouv.fr/map/parcel-info/75_106_000_000_AT_0072};https://www.geoportail-urbanisme.gouv.fr/document/by-id/4a02192762e3f46a75fe0f69f31c2bf2;2,329875729;48,84213641
f38a54133fce546b56d1a34c6374efa9;31/03/2025;03;2025;03-2025;Vente;75;{75106};12 Rue De L Abbaye 75006 Paris 06;12 Rue De L Abbaye;75006;PARIS 06;{75106000BK0071};Un appartement;978000;47;0;2;20808,51;0;{UG};{https://www.geoportail-urbanisme.gouv.fr/map/parcel-info/75_106_000_000_BK_0071};https://www.geoportail-urbanisme.gouv.fr/document/by-id/4a02192762e3f46a75fe0f69f31c2bf2;2,334523348;48,85450672
09c13f82a686074e75517b0c8d6c2629;31/03/2025;03;2025;03-2025;Vente;75;{75106};10 Rue Guenegaud 75006 Paris 06;10 Rue Guenegaud;75006;PARIS 06;{75106000AB0009,75106000AC0082};Deux appartements;1291730;96;0;5;13455,52;0;{UG};{https://www.geoportail-urbanisme.gouv.fr/map/parcel-info/75_106_000_000_AB_0009,https://www.geoportail-urbanisme.gouv.fr/map/parcel-info/75_106_000_000_AC_0082};https://www.geoportail-urbanisme.gouv.fr/document/by-id/4a02192762e3f46a75fe0f69f31c2bf2;2,338954554;48,8558817
eebe21eaee5a60b96e467af35da16400;31/03/2025;03;2025;03-2025;Vente;75;{75106};10 Rue Des Beaux-Arts 75006 Paris 06;10 Rue Des Beaux-Arts;75006;PARIS 06;{75106000BM0061};Un appartement;752381;49;0;2;15354,71;0;{UG};{https://www.geoportail-urbanisme.gouv.fr/map/parcel-info/75_106_000_000_BM_0061};https://www.geoportail-urbanisme.gouv.fr/document/by-id/4a02192762e3f46a75fe0f69f31c2bf2;2,335367179;48,85651622
8643e09c7b7a8a232a67214b33acbebc;31/03/2025;03;2025;03-2025;Vente;75;{75106};9 Rue Stanislas 75006 Paris 06;9 Rue Stanislas;75006;PARIS 06;{75106000AT0129};Un appartement;390000;34;0;1;11470,59;0;{UG};{https://www.geoportail-urbanisme.gouv.fr/map/parcel-info/75_106_000_000_AT_0129};https://www.geoportail-urbanisme.gouv.fr/document/by-id/4a02192762e3f46a75fe0f69f31c2bf2;2,32828227;48,84343319
c10a14db93c69c85446b57ac0a29aa62;31/03/2025;03;2025;03-2025;Vente;75;{75106};13 Rue Dauphine 75006 Paris 06;13 Rue Dauphine;75006;PARIS 06;{75106000AC0118};Un appartement;1493050;66;0;2;22621,97;0;{UG};{https://www.geoportail-urbanisme.gouv.fr/map/parcel-info/75_106_000_000_AC_0118};https://www.geoportail-urbanisme.gouv.fr/document/by-id/4a02192762e3f46a75fe0f69f31c2bf2;2,340214803;48,85564997
bfc1f50cd98949f05e73641efcdac483;31/03/2025;03;2025;03-2025;Vente;75;{75106};74 Rue Mazarine 75006 Paris 06;74 Rue Mazarine;75006;PARIS 06;{75106000AC0024};Un appartement;715000;60;0;2;11916,67;0;{UG};{https://www.geoportail-urbanisme.gouv.fr/map/parcel-info/75_106_000_000_AC_0024};https://www.geoportail-urbanisme.gouv.fr/document/by-id/4a02192762e3f46a75fe0f69f31c2bf2;2,338079707;48,85430412
c456a2b707cf52bcb5b6f12f1738f2b3;31/03/2025;03;2025;03-2025;Vente;75;{75106};163 Rue De Rennes 75006 Paris 06;163 Rue De Rennes;75006;PARIS 06;{75106000AW0008};Activite;1100000;107;0;0;10280,37;0;{UG};{https://www.geoportail-urbanisme.gouv.fr/map/parcel-info/75_106_000_000_AW_0008};https://www.geoportail-urbanisme.gouv.fr/document/by-id/4a02192762e3f46a75fe0f69f31c2bf2;2,325064961;48,84467001
c0457499de6d7fd64cd3b65f1234907f;31/03/2025;03;2025;03-2025;Vente;75;{75106};7 Rue Coetlogon 75006 Paris 06;7 Rue Coetlogon;75006;PARIS 06;{75106000BG0045};Un appartement;550000;58;0;2;9482,76;0;{UG};{https://www.geoportail-urbanisme.gouv.fr/map/parcel-info/75_106_000_000_BG_0045};https://www.geoportail-urbanisme.gouv.fr/document/by-id/4a02192762e3f46a75fe0f69f31c2bf2;2,328781574;48,84983595
fa87c4e6965d00fa8188d0a571f94ce0;31/03/2025;03;2025;03-2025;Vente;75;{75106};4 Rue Crebillon 75006 Paris 06;4 Rue Crebillon;75006;PARIS 06;{75106000AJ0055};Un appartement;546000;30;0;2;18200;0;{UG};{https://www.geoportail-urbanisme.gouv.fr/map/parcel-info/75_106_000_000_AJ_0055};https://www.geoportail-urbanisme.gouv.fr/document/by-id/4a02192762e3f46a75fe0f69f31c2bf2;2,33812949;48,85000802
d3413388b3771ef8843910eb4d5f6b18;31/03/2025;03;2025;03-2025;Vente;75;{75106};11 Rue Brea 75006 Paris 06;11 Rue Brea;75006;PARIS 06;{75106000AT0047};Un appartement;1315000;97;0;4;13556,7;0;{UG};{https://www.geoportail-urbanisme.gouv.fr/map/parcel-info/75_106_000_000_AT_0047};https://www.geoportail-urbanisme.gouv.fr/document/by-id/4a02192762e3f46a75fe0f69f31c2bf2;2,33032067;48,84319132
0c6c097b87ba60f14c09b154a0ac0d3e;31/03/2025;03;2025;03-2025;Vente;75;{75106};12 Rue Notre-Dame Des Champs 75006 Paris 06;12 Rue Notre-Dame Des Champs;75006;PARIS 06;{75106000AV0103};Un appartement;571500;43;0;1;13290,7;0;{UG};{https://www.geoportail-urbanisme.gouv.fr/map/parcel-info/75_106_000_000_AV_0103};https://www.geoportail-urbanisme.gouv.fr/document/by-id/4a02192762e3f46a75fe0f69f31c2bf2;2,327015988;48,84634602
fd22489bc033f070272a506b0a687474;31/03/2025;03;2025;03-2025;Vente;75;{75106};91 Rue De Seine 75006 Paris 06;91 Rue De Seine;75006;PARIS 06;{75106000AG0006};Un appartement;520000;35;0;2;14857,14;0;{UG};{https://www.geoportail-urbanisme.gouv.fr/map/parcel-info/75_106_000_000_AG_0006};https://www.geoportail-urbanisme.gouv.fr/document/by-id/4a02192762e3f46a75fe0f69f31c2bf2;2,337255687;48,85230797
f729024f2004f3329f990e5f4d0dc4c6;28/03/2025;03;2025;03-2025;Vente;75;{75106};33 Rue De Sevres 75006 Paris 06;33 Rue De Sevres;75006;PARIS 06;{75106000BE0050};Un appartement;992500;55;0;1;18045,45;0;{UG};{https://www.geoportail-urbanisme.gouv.fr/map/parcel-info/75_106_000_000_BE_0050};https://www.geoportail-urbanisme.gouv.fr/document/by-id/4a02192762e3f46a75fe0f69f31c2bf2;2,326009564;48,85051426
40f77cf00213127c544ef968ef9ccf1d;28/03/2025;03;2025;03-2025;Vente;75;{75106};19 Rue Gregoire De Tours 75006 Paris 06;19 Rue Gregoire De Tours;75006;PARIS 06;{75106000AD0032};Un appartement;933420;78;0;3;11966,92;0;{UG};{https://www.geoportail-urbanisme.gouv.fr/map/parcel-info/75_106_000_000_AD_0032};https://www.geoportail-urbanisme.gouv.fr/document/by-id/4a02192762e3f46a75fe0f69f31c2bf2;2,338053564;48,85289214
75b5d174044a91cde0b79c3a3c2c9e1c;28/03/2025;03;2025;03-2025;Vente;75;{75106};11 Rue Des Canettes 75006 Paris 06;11 Rue Des Canettes;75006;PARIS 06;{75106000AH0050};Un appartement;335000;36;0;1;9305,56;0;{UG};{https://www.geoportail-urbanisme.gouv.fr/map/parcel-info/75_106_000_000_AH_0050};https://www.geoportail-urbanisme.gouv.fr/document/by-id/4a02192762e3f46a75fe0f69f31c2bf2;2,333967498;48,85211465
227dc5152bcac07682818662c647759b;28/03/2025;03;2025;03-2025;Vente;75;{75106};17 Rue Le Verrier 75006 Paris 06;17 Rue Le Verrier;75006;PARIS 06;{75106000AR0030};Un appartement;390165;30;0;3;13005,5;0;{UG};{https://www.geoportail-urbanisme.gouv.fr/map/parcel-info/75_106_000_000_AR_0030};https://www.geoportail-urbanisme.gouv.fr/document/by-id/4a02192762e3f46a75fe0f69f31c2bf2;2,33380846;48,84167676
b54aa67113eaf0daf63180f26d2b4c67;28/03/2025;03;2025;03-2025;Vente;75;{75106};25 Rue Des Grands Augustins 75006 Paris 06;25 Rue Des Grands Augustins;75006;PARIS 06;{75106000AE0009};Un appartement;741153;40;0;2;18528,83;0;{UG};{https://www.geoportail-urbanisme.gouv.fr/map/parcel-info/75_106_000_000_AE_0009};https://www.geoportail-urbanisme.gouv.fr/document/by-id/4a02192762e3f46a75fe0f69f31c2bf2;2,340548171;48,85378435
a7bf41d99867c418785f3ac877e0b89e;28/03/2025;03;2025;03-2025;Vente;75;{75106};116 Rue Du Cherche-Midi 75006 Paris 06;116 Rue Du Cherche-Midi;75006;PARIS 06;{75106000BC0048};Un appartement;1207500;68;0;3;17757,35;0;{UG};{https://www.geoportail-urbanisme.gouv.fr/map/parcel-info/75_106_000_000_BC_0048};https://www.geoportail-urbanisme.gouv.fr/document/by-id/4a02192762e3f46a75fe0f69f31c2bf2;2,320065219;48,84632565
efa6ef3aa60dd9ee158c0963ee3446c0;28/03/2025;03;2025;03-2025;Vente;75;{75106};67 Rue Madame 75006 Paris 06;67 Rue Madame;75006;PARIS 06;{75106000AN0002};Un appartement;592000;37;0;2;16000;0;{UG};{https://www.geoportail-urbanisme.gouv.fr/map/parcel-info/75_106_000_000_AN_0002};https://www.geoportail-urbanisme.gouv.fr/document/by-id/4a02192762e3f46a75fe0f69f31c2bf2;2,331790232;48,8467862
34f4b5b2e7e7b21298e295cb0e895fbe;28/03/2025;03;2025;03-2025;Vente;75;{75106};20 Rue Dauphine 75006 Paris 06;20 Rue Dauphine;75006;PARIS 06;{75106000AC0094};Un appartement;865000;56;0;2;15446,43;0;{UG};{https://www.geoportail-urbanisme.gouv.fr/map/parcel-info/75_106_000_000_AC_0094};https://www.geoportail-urbanisme.gouv.fr/document/by-id/4a02192762e3f46a75fe0f69f31c2bf2;2,339464637;48,8552951
b1ef3c0cc0b1d30d466912d959585fb6;28/03/2025;03;2025;03-2025;Vente;75;{75106};18 Rue Littre 75006 Paris 06;18 Rue Littre;75006;PARIS 06;{75106000AX0046};Un appartement;900000;72;0;3;12500;0;{UG};{https://www.geoportail-urbanisme.gouv.fr/map/parcel-info/75_106_000_000_AX_0046};https://www.geoportail-urbanisme.gouv.fr/document/by-id/4a02192762e3f46a75fe0f69f31c2bf2;2,323850961;48,84490596
8b49c28aa32bcde737c998cdaa95bc7e;28/03/2025;03;2025;03-2025;Vente;75;{75106};13 Rue De Buci 75006 Paris 06;13 Rue De Buci;75006;PARIS 06;{75106000AD0018};Un appartement;579910;50;0;2;11598,2;0;{UG};{https://www.geoportail-urbanisme.gouv.fr/map/parcel-info/75_106_000_000_AD_0018};https://www.geoportail-urbanisme.gouv.fr/document/by-id/4a02192762e3f46a75fe0f69f31c2bf2;2,337539306;48,85347427
d661c9aed89b05480543b5ee328e1bed;28/03/2025;03;2025;03-2025;Vente;75;{75106};161 Rue De Rennes 75006 Paris 06;161 Rue De Rennes;75006;PARIS 06;{75106000AW0007};Un appartement;689980;56;0;3;12321,07;0;{UG};{https://www.geoportail-urbanisme.gouv.fr/map/parcel-info/75_106_000_000_AW_0007};https://www.geoportail-urbanisme.gouv.fr/document/by-id/4a02192762e3f46a75fe0f69f31c2bf2;2,325125265;48,84476115
f97519fa1316e0a0674d3b8feef776fa;27/03/2025;03;2025;03-2025;Vente;75;{75106};9 Rue Dupin 75006 Paris 06;9 Rue Dupin;75006;PARIS 06;{75106000BE0035};Un appartement;485000;35;0;2;13857,14;0;{UG};{https://www.geoportail-urbanisme.gouv.fr/map/parcel-info/75_106_000_000_BE_0035};https://www.geoportail-urbanisme.gouv.fr/document/by-id/4a02192762e3f46a75fe0f69f31c2bf2;2,325515615;48,84995378
b50dc9664d7c94c295d208029ef75ced;27/03/2025;03;2025;03-2025;Vente;75;{75106};35 Rue De Seine 75006 Paris 06;35 Rue De Seine;75006;PARIS 06;{75106000AB0023};Un appartement;2356000;110;0;3;21418,18;0;{UG};{https://www.geoportail-urbanisme.gouv.fr/map/parcel-info/75_106_000_000_AB_0023};https://www.geoportail-urbanisme.gouv.fr/document/by-id/4a02192762e3f46a75fe0f69f31c2bf2;2,337063024;48,85570351
74280e7c77e9a170c0a04aa218c41e11;27/03/2025;03;2025;03-2025;Vente;75;{75106};47 Rue Du Four 75006 Paris 06;47 Rue Du Four;75006;PARIS 06;{75106000BH0070};Un appartement;530100;53;0;3;10001,89;0;{UG};{https://www.geoportail-urbanisme.gouv.fr/map/parcel-info/75_106_000_000_BH_0070};https://www.geoportail-urbanisme.gouv.fr/document/by-id/4a02192762e3f46a75fe0f69f31c2bf2;2,330864366;48,85206845
6433dad403b6aa75ede09d830d09125f;27/03/2025;03;2025;03-2025;Vente;75;{75106};23 Rue De Tournon 75006 Paris 06;23 Rue De Tournon;75006;PARIS 06;{75106000AJ0045};Un appartement;320000;60;0;2;5333,33;0;{UG};{https://www.geoportail-urbanisme.gouv.fr/map/parcel-info/75_106_000_000_AJ_0045};https://www.geoportail-urbanisme.gouv.fr/document/by-id/4a02192762e3f46a75fe0f69f31c2bf2;2,337512538;48,8500963
1243af9b2f96063f24507d30cdc883d7;27/03/2025;03;2025;03-2025;Vente;75;{75106};5 Rue Duguay-Trouin 75006 Paris 06;5 Rue Duguay-Trouin;75006;PARIS 06;{75106000AU0033};Un appartement;960000;55;0;2;17454,55;0;{UG};{https://www.geoportail-urbanisme.gouv.fr/map/parcel-info/75_106_000_000_AU_0033};https://www.geoportail-urbanisme.gouv.fr/document/by-id/4a02192762e3f46a75fe0f69f31c2bf2;2,330284719;48,84600529
6aa471f5af62a7ca6b28c75719e13b8c;27/03/2025;03;2025;03-2025;Vente;75;{75106};108 Rue Du Cherche-Midi 75006 Paris 06;108 Rue Du Cherche-Midi;75006;PARIS 06;{75106000BC0068};Un appartement;300000;68;0;4;4411,76;0;{UG};{https://www.geoportail-urbanisme.gouv.fr/map/parcel-info/75_106_000_000_BC_0068};https://www.geoportail-urbanisme.gouv.fr/document/by-id/4a02192762e3f46a75fe0f69f31c2bf2;2,320965317;48,84689705
09d205c982dc0300ce64f41773d4e47f;27/03/2025;03;2025;03-2025;Vente;75;{75106};38 Rue Saint Sulpice 75006 Paris 06;38 Rue Saint Sulpice;75006;PARIS 06;{75106000AH0126};Un appartement;625000;45;0;2;13888,89;0;{UG};{https://www.geoportail-urbanisme.gouv.fr/map/parcel-info/75_106_000_000_AH_0126};https://www.geoportail-urbanisme.gouv.fr/document/by-id/4a02192762e3f46a75fe0f69f31c2bf2;2,334647062;48,85148387
9668794caa2b8bcd44ee985989c7c66a;27/03/2025;03;2025;03-2025;Vente;75;{75106};7 Rue Cassette 75006 Paris 06;7 Rue Cassette;75006;PARIS 06;{75106000BH0093};Deux appartements;1181430;84;0;4;14064,64;0;{UG};{https://www.geoportail-urbanisme.gouv.fr/map/parcel-info/75_106_000_000_BH_0093};https://www.geoportail-urbanisme.gouv.fr/document/by-id/4a02192762e3f46a75fe0f69f31c2bf2;2,331036311;48,85044763
4ddee3bcce3325f0c95c6573c2daaf9b;26/03/2025;03;2025;03-2025;Vente;75;{75106};5 B Rue Joseph Bara 75006 Paris 06;5 B Rue Joseph Bara;75006;PARIS 06;{75106000AR0005};Bati mixte - logement/activite;1317800;70;0;2;18825,71;0;{UG};{https://www.geoportail-urbanisme.gouv.fr/map/parcel-info/75_106_000_000_AR_0005};https://www.geoportail-urbanisme.gouv.fr/document/by-id/4a02192762e3f46a75fe0f69f31c2bf2;2,333775896;48,84203536
208b6f7c31b5b2c514270fe3b7122b33;26/03/2025;03;2025;03-2025;Vente;75;{75106};3 Rue Coetlogon 75006 Paris 06;3 Rue Coetlogon;75006;PARIS 06;{75106000BG0049};Un appartement;1570000;110;0;5;14272,73;0;{UG};{https://www.geoportail-urbanisme.gouv.fr/map/parcel-info/75_106_000_000_BG_0049};https://www.geoportail-urbanisme.gouv.fr/document/by-id/4a02192762e3f46a75fe0f69f31c2bf2;2,329053602;48,84999048
9ee7081e2d18a72b64ea7314f243bfe0;25/03/2025;03;2025;03-2025;Vente;75;{75106};80 Rue Bonaparte 75006 Paris 06;80 Rue Bonaparte;75006;PARIS 06;{75106000AI0076};Activite;610000;53;0;0;11509,43;0;{UG};{https://www.geoportail-urbanisme.gouv.fr/map/parcel-info/75_106_000_000_AI_0076};https://www.geoportail-urbanisme.gouv.fr/document/by-id/4a02192762e3f46a75fe0f69f31c2bf2;2,332221101;48,85006895
222345f85acf3e49128211c12cf4cf99;25/03/2025;03;2025;03-2025;Vente;75;{75106};70 Rue Mazarine 75006 Paris 06;70 Rue Mazarine;75006;PARIS 06;{75106000AC0026};Un appartement;970000;65;0;4;14923,08;0;{UG};{https://www.geoportail-urbanisme.gouv.fr/map/parcel-info/75_106_000_000_AC_0026};https://www.geoportail-urbanisme.gouv.fr/document/by-id/4a02192762e3f46a75fe0f69f31c2bf2;2,337692566;48,85421682
c36a2b6ae191fddda2c14db468cff02f;24/03/2025;03;2025;03-2025;Vente;75;{75106};5 Rue De Vaugirard 75006 Paris 06;5 Rue De Vaugirard;75006;PARIS 06;{75106000AK0061};Un appartement;536500;46;0;3;11663,04;0;{UG};{https://www.geoportail-urbanisme.gouv.fr/map/parcel-info/75_106_000_000_AK_0061};https://www.geoportail-urbanisme.gouv.fr/document/by-id/4a02192762e3f46a75fe0f69f31c2bf2;2,340036952;48,84870054
a3902dc8bbfb048c7656149c3dac01e7;24/03/2025;03;2025;03-2025;Vente;75;{75106};37 Rue Mazarine 75006 Paris 06;37 Rue Mazarine;75006;PARIS 06;{75106000AC0049};Un appartement;718000;56;0;2;12821,43;0;{UG};{https://www.geoportail-urbanisme.gouv.fr/map/parcel-info/75_106_000_000_AC_0049};https://www.geoportail-urbanisme.gouv.fr/document/by-id/4a02192762e3f46a75fe0f69f31c2bf2;2,338416073;48,85446542
1a7380e430d1fef0f465257c551f41cc;24/03/2025;03;2025;03-2025;Vente;75;{75106};62 Rue Monsieur Le Prince 75006 Paris 06;62 Rue Monsieur Le Prince;75006;PARIS 06;{75106000AK0071};Un appartement;443800;37;0;1;11994,59;0;{UG};{https://www.geoportail-urbanisme.gouv.fr/map/parcel-info/75_106_000_000_AK_0071};https://www.geoportail-urbanisme.gouv.fr/document/by-id/4a02192762e3f46a75fe0f69f31c2bf2;2,340592141;48,84790145
26b06ca4bb03b3decfc8cd43ff7d8d23;21/03/2025;03;2025;03-2025;Vente;75;{75106};9 Rue Christine 75006 Paris 06;9 Rue Christine;75006;PARIS 06;{75106000AD0065};Un appartement;440000;42;0;2;10476,19;0;{UG};{https://www.geoportail-urbanisme.gouv.fr/map/parcel-info/75_106_000_000_AD_0065};https://www.geoportail-urbanisme.gouv.fr/document/by-id/4a02192762e3f46a75fe0f69f31c2bf2;2,339518129;48,85455238
a488e59e5779940ddb37182db583b8ca;21/03/2025;03;2025;03-2025;Vente;75;{75106};90 Rue De Vaugirard 75006 Paris 06;90 Rue De Vaugirard;75006;PARIS 06;{75106000BF0015};Un appartement;980000;63;0;3;15555,56;0;{UG};{https://www.geoportail-urbanisme.gouv.fr/map/parcel-info/75_106_000_000_BF_0015};https://www.geoportail-urbanisme.gouv.fr/document/by-id/4a02192762e3f46a75fe0f69f31c2bf2;2,326191282;48,84691322
45bbdba1269692a0b109eae1e71133f0;21/03/2025;03;2025;03-2025;Vente;75;{75106};28 Rue Bonaparte 75006 Paris 06;28 Rue Bonaparte;75006;PARIS 06;{75106000BM0032};Un appartement;715000;41;0;2;17439,02;0;{UG};{https://www.geoportail-urbanisme.gouv.fr/map/parcel-info/75_106_000_000_BM_0032};https://www.geoportail-urbanisme.gouv.fr/document/by-id/4a02192762e3f46a75fe0f69f31c2bf2;2,333924145;48,85576623
9a8a819232348c0e107fc25704281380;21/03/2025;03;2025;03-2025;Vente;75;{75106};6 Rue Stanislas 75006 Paris 06;6 Rue Stanislas;75006;PARIS 06;{75106000AW0054};Un appartement;933334;70;0;3;13333,34;0;{UG};{https://www.geoportail-urbanisme.gouv.fr/map/parcel-info/75_106_000_000_AW_0054};https://www.geoportail-urbanisme.gouv.fr/document/by-id/4a02192762e3f46a75fe0f69f31c2bf2;2,328402925;48,84428916
79580423f81a80d8db9c58fbe5ae8e3a;21/03/2025;03;2025;03-2025;Vente;75;{75106};24 Rue Saint Andre Des Arts 75006 Paris 06;24 Rue Saint Andre Des Arts;75006;PARIS 06;{75106000AE0081};Un appartement;549950;42;0;2;13094,05;0;{UG};{https://www.geoportail-urbanisme.gouv.fr/map/parcel-info/75_106_000_000_AE_0081};https://www.geoportail-urbanisme.gouv.fr/document/by-id/4a02192762e3f46a75fe0f69f31c2bf2;2,342752126;48,85346241
8e9d860d18b3b8d8a24b563224ec30d6;21/03/2025;03;2025;03-2025;Vente;75;{75106};2 Rue Jules Chaplain 75006 Paris 06;2 Rue Jules Chaplain;75006;PARIS 06;{75106000AT0139};Un appartement;770000;61;0;2;12622,95;0;{UG};{https://www.geoportail-urbanisme.gouv.fr/map/parcel-info/75_106_000_000_AT_0139};https://www.geoportail-urbanisme.gouv.fr/document/by-id/4a02192762e3f46a75fe0f69f31c2bf2;2,330960343;48,84332122
713bc25d8adc26a288134ef537fe9358;20/03/2025;03;2025;03-2025;Vente;75;{75106};118 Rue De Vaugirard 75006 Paris 06;118 Rue De Vaugirard;75006;PARIS 06;{75106000AZ0037};Un appartement;625000;43;0;2;14534,88;0;{UG};{https://www.geoportail-urbanisme.gouv.fr/map/parcel-info/75_106_000_000_AZ_0037};https://www.geoportail-urbanisme.gouv.fr/document/by-id/4a02192762e3f46a75fe0f69f31c2bf2;2,32107617;48,84572598
48af448d9e60761e33c786967988430d;20/03/2025;03;2025;03-2025;Vente;75;{75106};53 Rue Du Cherche-Midi 75006 Paris 06;53 Rue Du Cherche-Midi;75006;PARIS 06;{75106000BF0033};Un appartement;540000;38;0;3;14210,53;0;{UG};{https://www.geoportail-urbanisme.gouv.fr/map/parcel-info/75_106_000_000_BF_0033};https://www.geoportail-urbanisme.gouv.fr/document/by-id/4a02192762e3f46a75fe0f69f31c2bf2;2,325265709;48,84870256
66b6a412fa740b303563e7678097cdfe;19/03/2025;03;2025;03-2025;Vente;75;{75106};5 Rue De Tournon 75006 Paris 06;5 Rue De Tournon;75006;PARIS 06;{75106000AJ0032};Deux appartements;600000;45;0;3;13333,33;0;{UG};{https://www.geoportail-urbanisme.gouv.fr/map/parcel-info/75_106_000_000_AJ_0032};https://www.geoportail-urbanisme.gouv.fr/document/by-id/4a02192762e3f46a75fe0f69f31c2bf2;2,337405902;48,85111728
210289f22665bbdfd48664e234f222e7;18/03/2025;03;2025;03-2025;Vente;75;{75106};107 Rue Du Cherche-Midi 75006 Paris 06;107 Rue Du Cherche-Midi;75006;PARIS 06;{75106000AZ0047};Un appartement;412800;34;0;1;12141,18;0;{UG};{https://www.geoportail-urbanisme.gouv.fr/map/parcel-info/75_106_000_000_AZ_0047};https://www.geoportail-urbanisme.gouv.fr/document/by-id/4a02192762e3f46a75fe0f69f31c2bf2;2,320657586;48,84602874
db6f9e292d6562cc4e04603d7dca01e2;18/03/2025;03;2025;03-2025;Vente;75;{75106};41 Rue Saint Andre Des Arts 75006 Paris 06;41 Rue Saint Andre Des Arts;75006;PARIS 06;{75106000AE0107};Un appartement;403000;36;0;3;11194,44;0;{UG};{https://www.geoportail-urbanisme.gouv.fr/map/parcel-info/75_106_000_000_AE_0107};https://www.geoportail-urbanisme.gouv.fr/document/by-id/4a02192762e3f46a75fe0f69f31c2bf2;2,341019884;48,8531976
ff1bf4363519fca96404df68a60c9ef4;18/03/2025;03;2025;03-2025;Vente;75;{75106};131 Bd Raspail 75006 Paris 06;131 Bd Raspail;75006;PARIS 06;{75106000AT0004};Un appartement;1420000;80;0;4;17750;0;{UG};{https://www.geoportail-urbanisme.gouv.fr/map/parcel-info/75_106_000_000_AT_0004};https://www.geoportail-urbanisme.gouv.fr/document/by-id/4a02192762e3f46a75fe0f69f31c2bf2;2,329268126;48,84400659
8c4f646a4985ef2e599549a570ccef8c;18/03/2025;03;2025;03-2025;Vente;75;{75106};79 Bd Raspail 75006 Paris 06;79 Bd Raspail;75006;PARIS 06;{75106000BG0017};Activite;615000;78;0;0;7884,62;0;{UG};{https://www.geoportail-urbanisme.gouv.fr/map/parcel-info/75_106_000_000_BG_0017};https://www.geoportail-urbanisme.gouv.fr/document/by-id/4a02192762e3f46a75fe0f69f31c2bf2;2,327968067;48,84876017
6bd3d8a544b4651a5f45214f26982d98;18/03/2025;03;2025;03-2025;Vente;75;{75106};3 Rue Des Grands Augustins 75006 Paris 06;3 Rue Des Grands Augustins;75006;PARIS 06;{75106000AC0140};Un appartement;34000;44;0;2;772,73;0;{UG};{https://www.geoportail-urbanisme.gouv.fr/map/parcel-info/75_106_000_000_AC_0140};https://www.geoportail-urbanisme.gouv.fr/document/by-id/4a02192762e3f46a75fe0f69f31c2bf2;2,341458506;48,85481704
e1b8d695d50bd3c58bbf7e5cff7f2e2d;17/03/2025;03;2025;03-2025;Vente;75;{75106};70 Rue Mazarine 75006 Paris 06;70 Rue Mazarine;75006;PARIS 06;{75106000AC0026};Deux appartements;670000;56;0;3;11964,29;0;{UG};{https://www.geoportail-urbanisme.gouv.fr/map/parcel-info/75_106_000_000_AC_0026};https://www.geoportail-urbanisme.gouv.fr/document/by-id/4a02192762e3f46a75fe0f69f31c2bf2;2,337692566;48,85421682
a219c6d5eb7929fd0fc8906717fee1a7;17/03/2025;03;2025;03-2025;Vente;75;{75106};5 Rue De Vaugirard 75006 Paris 06;5 Rue De Vaugirard;75006;PARIS 06;{75106000AK0061};Un appartement;599074;36;0;2;16640,94;0;{UG};{https://www.geoportail-urbanisme.gouv.fr/map/parcel-info/75_106_000_000_AK_0061};https://www.geoportail-urbanisme.gouv.fr/document/by-id/4a02192762e3f46a75fe0f69f31c2bf2;2,340036952;48,84870054
43c85601a25c83214d5b32a1bf6a9df4;14/03/2025;03;2025;03-2025;Vente;75;{75106};54 Rue Jacob 75006 Paris 06;54 Rue Jacob;75006;PARIS 06;{75106000BM0022};Un appartement;595000;60;0;5;9916,67;0;{UG};{https://www.geoportail-urbanisme.gouv.fr/map/parcel-info/75_106_000_000_BM_0022};https://www.geoportail-urbanisme.gouv.fr/document/by-id/4a02192762e3f46a75fe0f69f31c2bf2;2,332466925;48,85628807
1543713a47381e35c518a9b2341341ef;14/03/2025;03;2025;03-2025;Vente;75;{75106};9 Rue Stanislas 75006 Paris 06;9 Rue Stanislas;75006;PARIS 06;{75106000AT0129};Un appartement;1630000;118;0;3;13813,56;0;{UG};{https://www.geoportail-urbanisme.gouv.fr/map/parcel-info/75_106_000_000_AT_0129};https://www.geoportail-urbanisme.gouv.fr/document/by-id/4a02192762e3f46a75fe0f69f31c2bf2;2,32828227;48,84343319
7efadb916c72fef45d40e8259264fdf2;13/03/2025;03;2025;03-2025;Vente;75;{75106};66 Rue Bonaparte 75006 Paris 06;66 Rue Bonaparte;75006;PARIS 06;{75106000AH0013};Deux appartements;770000;81;0;5;9506,17;0;{UG};{https://www.geoportail-urbanisme.gouv.fr/map/parcel-info/75_106_000_000_AH_0013};https://www.geoportail-urbanisme.gouv.fr/document/by-id/4a02192762e3f46a75fe0f69f31c2bf2;2,33279403;48,85200136
db1f5a6b6491d740d90cff53a0f7c889;13/03/2025;03;2025;03-2025;Vente;75;{75106};45 Rue De Sevres 75006 Paris 06;45 Rue De Sevres;75006;PARIS 06;{75106000BE0047};Un appartement;1184550;69;0;3;17167,39;0;{UG};{https://www.geoportail-urbanisme.gouv.fr/map/parcel-info/75_106_000_000_BE_0047};https://www.geoportail-urbanisme.gouv.fr/document/by-id/4a02192762e3f46a75fe0f69f31c2bf2;2,325445423;48,8503047
b1105d383e1c6453df7760d3c0716200;12/03/2025;03;2025;03-2025;Vente;75;{75106};54 Rue Notre-Dame Des Champs 75006 Paris 06;54 Rue Notre-Dame Des Champs;75006;PARIS 06;{75106000AT0052};Un appartement;590000;40;0;2;14750;0;{UG};{https://www.geoportail-urbanisme.gouv.fr/map/parcel-info/75_106_000_000_AT_0052};https://www.geoportail-urbanisme.gouv.fr/document/by-id/4a02192762e3f46a75fe0f69f31c2bf2;2,330711838;48,8437179
deef96fce51230262b31341af249f863;12/03/2025;03;2025;03-2025;Vente;75;{75106};9 Rue Du Cherche-Midi 75006 Paris 06;9 Rue Du Cherche-Midi;75006;PARIS 06;{75106000BH0052};Un appartement;356000;46;0;2;7739,13;0;{UG};{https://www.geoportail-urbanisme.gouv.fr/map/parcel-info/75_106_000_000_BH_0052};https://www.geoportail-urbanisme.gouv.fr/document/by-id/4a02192762e3f46a75fe0f69f31c2bf2;2,329615342;48,85149144
c63ae50ec2ead7d8337a07bb9eaf7cd3;12/03/2025;03;2025;03-2025;Vente;75;{75106};16 Rue De Conde 75006 Paris 06;16 Rue De Conde;75006;PARIS 06;{75106000AJ0035};Un appartement;1259649;70;0;3;17994,99;0;{UG};{https://www.geoportail-urbanisme.gouv.fr/map/parcel-info/75_106_000_000_AJ_0035};https://www.geoportail-urbanisme.gouv.fr/document/by-id/4a02192762e3f46a75fe0f69f31c2bf2;2,337879755;48,85086761
cda47e816c6bc659be2d7243d316e846;11/03/2025;03;2025;03-2025;Vente;75;{75106};16 Rue Seguier 75006 Paris 06;16 Rue Seguier;75006;PARIS 06;{75106000AE0019};Un appartement;450000;40;0;2;11250;0;{UG};{https://www.geoportail-urbanisme.gouv.fr/map/parcel-info/75_106_000_000_AE_0019};https://www.geoportail-urbanisme.gouv.fr/document/by-id/4a02192762e3f46a75fe0f69f31c2bf2;2,341332736;48,85390946
ad77d4901d254259033a6632ea348db5;11/03/2025;03;2025;03-2025;Vente;75;{75106};70 B Rue Notre-Dame Des Champs 75006 Paris 06;70 B Rue Notre-Dame Des Champs;75006;PARIS 06;{75106000AT0081};Un appartement;874330;40;0;2;21858,25;0;{UG};{https://www.geoportail-urbanisme.gouv.fr/map/parcel-info/75_106_000_000_AT_0081};https://www.geoportail-urbanisme.gouv.fr/document/by-id/4a02192762e3f46a75fe0f69f31c2bf2;2,331068848;48,84274112
341b659b1284a0b8f19c40f8cac21ac6;11/03/2025;03;2025;03-2025;Vente;75;{75106};5 Rue Des Beaux-Arts 75006 Paris 06;5 Rue Des Beaux-Arts;75006;PARIS 06;{75106000BM0070};Bati mixte - logement/activite;2404000;100;0;3;24040;0;{UG};{https://www.geoportail-urbanisme.gouv.fr/map/parcel-info/75_106_000_000_BM_0070};https://www.geoportail-urbanisme.gouv.fr/document/by-id/4a02192762e3f46a75fe0f69f31c2bf2;2,335919765;48,85605704
f387d6f30232d8b43a89b9b59be0d567;10/03/2025;03;2025;03-2025;Vente;75;{75106};15 Rue De Sevres 75006 Paris 06;15 Rue De Sevres;75006;PARIS 06;{75106000BH0004};Activite;7329405;94;0;0;77972,39;0;{UG};{https://www.geoportail-urbanisme.gouv.fr/map/parcel-info/75_106_000_000_BH_0004};https://www.geoportail-urbanisme.gouv.fr/document/by-id/4a02192762e3f46a75fe0f69f31c2bf2;2,32821166;48,85150997
2d2ffb335b623095c114fc54845cf195;07/03/2025;03;2025;03-2025;Vente;75;{75106};10 Rue Guenegaud 75006 Paris 06;10 Rue Guenegaud;75006;PARIS 06;{75106000AB0009};Un appartement;1621851;101;0;3;16057,93;0;{UG};{https://www.geoportail-urbanisme.gouv.fr/map/parcel-info/75_106_000_000_AB_0009};https://www.geoportail-urbanisme.gouv.fr/document/by-id/4a02192762e3f46a75fe0f69f31c2bf2;2,338302153;48,8557713
187aa3bf90365feab52dfc8bce7c9446;07/03/2025;03;2025;03-2025;Vente;75;{75106};25 Rue Bonaparte 75006 Paris 06;25 Rue Bonaparte;75006;PARIS 06;{75106000BK0082};Un appartement;570000;38;0;2;15000;0;{UG};{https://www.geoportail-urbanisme.gouv.fr/map/parcel-info/75_106_000_000_BK_0082};https://www.geoportail-urbanisme.gouv.fr/document/by-id/4a02192762e3f46a75fe0f69f31c2bf2;2,334069957;48,85522871
6c0a64b38dfb499310fa977d6a2489f2;07/03/2025;03;2025;03-2025;Vente;75;{75106};99 Rue De Sevres 75006 Paris 06;99 Rue De Sevres;75006;PARIS 06;{75106000BD0035};Un appartement;943800;68;0;2;13879,41;0;{UG};{https://www.geoportail-urbanisme.gouv.fr/map/parcel-info/75_106_000_000_BD_0035};https://www.geoportail-urbanisme.gouv.fr/document/by-id/4a02192762e3f46a75fe0f69f31c2bf2;2,321263685;48,84822611
638c72d73fb8e0443c016d70cef70315;06/03/2025;03;2025;03-2025;Vente;75;{75106};7 Rue Cassette 75006 Paris 06;7 Rue Cassette;75006;PARIS 06;{75106000BH0093};Activite;475000;30;0;0;15833,33;0;{UG};{https://www.geoportail-urbanisme.gouv.fr/map/parcel-info/75_106_000_000_BH_0093};https://www.geoportail-urbanisme.gouv.fr/document/by-id/4a02192762e3f46a75fe0f69f31c2bf2;2,331036311;48,85044763
221962aca7ad7bbb5b733cc2548a5509;06/03/2025;03;2025;03-2025;Vente;75;{75106};1 Rue Blaise-Desgoffe 75006 Paris 06;1 Rue Blaise-Desgoffe;75006;PARIS 06;{75106000AY0050};Activite;665000;67;0;0;9925,37;0;{UG};{https://www.geoportail-urbanisme.gouv.fr/map/parcel-info/75_106_000_000_AY_0050};https://www.geoportail-urbanisme.gouv.fr/document/by-id/4a02192762e3f46a75fe0f69f31c2bf2;2,324542386;48,84622843
26e240c4d4cec7fba9dd95a777d2f06f;05/03/2025;03;2025;03-2025;Vente;75;{75106};34 Rue Saint Andre Des Arts 75006 Paris 06;34 Rue Saint Andre Des Arts;75006;PARIS 06;{75106000AE0041};Un appartement;464826,5;50;0;2;9296,53;0;{UG};{https://www.geoportail-urbanisme.gouv.fr/map/parcel-info/75_106_000_000_AE_0041};https://www.geoportail-urbanisme.gouv.fr/document/by-id/4a02192762e3f46a75fe0f69f31c2bf2;2,34188914;48,85341638
a561cb3baa083e8dd59254d4a2b1e0b1;04/03/2025;03;2025;03-2025;Vente;75;{75106};7 Rue Des Canettes 75006 Paris 06;7 Rue Des Canettes;75006;PARIS 06;{75106000AH0047};Activite;1000;86;0;0;11,63;0;{UG};{https://www.geoportail-urbanisme.gouv.fr/map/parcel-info/75_106_000_000_AH_0047};https://www.geoportail-urbanisme.gouv.fr/document/by-id/4a02192762e3f46a75fe0f69f31c2bf2;2,334021615;48,85240322
d672f8f13d7e5e2ad947dda7a9b3b930;03/03/2025;03;2025;03-2025;Vente;75;{75106};64 Rue Bonaparte 75006 Paris 06;64 Rue Bonaparte;75006;PARIS 06;{75106000AH0014};Un appartement;1100000;55;0;2;20000;0;{UG};{https://www.geoportail-urbanisme.gouv.fr/map/parcel-info/75_106_000_000_AH_0014};https://www.geoportail-urbanisme.gouv.fr/document/by-id/4a02192762e3f46a75fe0f69f31c2bf2;2,332800075;48,85216471
5646b9b29b14868ba5c3e14140a15651;03/03/2025;03;2025;03-2025;Vente;75;{75106};7 Rue Jean-Francois Gerbillon 75006 Paris 06;7 Rue Jean-Francois Gerbillon;75006;PARIS 06;{75106000AY0015};Un appartement;306100;30;0;2;10203,33;0;{UG};{https://www.geoportail-urbanisme.gouv.fr/map/parcel-info/75_106_000_000_AY_0015};https://www.geoportail-urbanisme.gouv.fr/document/by-id/4a02192762e3f46a75fe0f69f31c2bf2;2,324655004;48,84747298
18b859f0d26f8ed875649a7362c7df42;28/02/2025;02;2025;02-2025;Vente;75;{75106};58 Rue Bonaparte 75006 Paris 06;58 Rue Bonaparte;75006;PARIS 06;{75106000BJ0065};Un appartement;1040000;60;0;3;17333,33;0;{UG};{https://www.geoportail-urbanisme.gouv.fr/map/parcel-info/75_106_000_000_BJ_0065};https://www.geoportail-urbanisme.gouv.fr/document/by-id/4a02192762e3f46a75fe0f69f31c2bf2;2,332956837;48,85285403
68bc732abf3a24065f271af5acb086b8;28/02/2025;02;2025;02-2025;Vente;75;{75106};24 Rue Du Four 75006 Paris 06;24 Rue Du Four;75006;PARIS 06;{75106000BJ0051};Un appartement;295520;30;0;2;9850,67;0;{UG};{https://www.geoportail-urbanisme.gouv.fr/map/parcel-info/75_106_000_000_BJ_0051};https://www.geoportail-urbanisme.gouv.fr/document/by-id/4a02192762e3f46a75fe0f69f31c2bf2;2,333607027;48,85280669
1da6e43664251e781acdfe151975f21f;28/02/2025;02;2025;02-2025;Vente;75;{75106};40 Rue Du Four 75006 Paris 06;40 Rue Du Four;75006;PARIS 06;{75106000BI0077};Un appartement;1930000;99;0;5;19494,95;0;{UG};{https://www.geoportail-urbanisme.gouv.fr/map/parcel-info/75_106_000_000_BI_0077};https://www.geoportail-urbanisme.gouv.fr/document/by-id/4a02192762e3f46a75fe0f69f31c2bf2;2,33134104;48,8524824
c3a0600717f7ff056d2744f77e5969b4;27/02/2025;02;2025;02-2025;Vente;75;{75106};5 Rue Duguay-Trouin 75006 Paris 06;5 Rue Duguay-Trouin;75006;PARIS 06;{75106000AU0033};Un appartement;1344000;88;0;3;15272,73;0;{UG};{https://www.geoportail-urbanisme.gouv.fr/map/parcel-info/75_106_000_000_AU_0033};https://www.geoportail-urbanisme.gouv.fr/document/by-id/4a02192762e3f46a75fe0f69f31c2bf2;2,330284719;48,84600529
613d075fe7e5348044d8a219e1e1b0d6;27/02/2025;02;2025;02-2025;Vente;75;{75106};19 Rue Du Dragon 75006 Paris 06;19 Rue Du Dragon;75006;PARIS 06;{75106000BI0086};Deux appartements;1560565;78;0;3;20007,24;0;{UG};{https://www.geoportail-urbanisme.gouv.fr/map/parcel-info/75_106_000_000_BI_0086};https://www.geoportail-urbanisme.gouv.fr/document/by-id/4a02192762e3f46a75fe0f69f31c2bf2;2,331012684;48,85296175
2a68f2765c753aee70bdfd05c9d57623;27/02/2025;02;2025;02-2025;Vente;75;{75106};8 Rue De Vaugirard 75006 Paris 06;8 Rue De Vaugirard;75006;PARIS 06;{75106000AK0014};Un appartement;900000;97;0;4;9278,35;0;{UG};{https://www.geoportail-urbanisme.gouv.fr/map/parcel-info/75_106_000_000_AK_0014};https://www.geoportail-urbanisme.gouv.fr/document/by-id/4a02192762e3f46a75fe0f69f31c2bf2;2,339877488;48,84922767
22819a11c712b015838496ea217846f8;25/02/2025;02;2025;02-2025;Vente;75;{75106};9 Rue Guisarde 75006 Paris 06;9 Rue Guisarde;75006;PARIS 06;{75106000AH0124};Un appartement;480000;46;0;2;10434,78;0;{UG};{https://www.geoportail-urbanisme.gouv.fr/map/parcel-info/75_106_000_000_AH_0124};https://www.geoportail-urbanisme.gouv.fr/document/by-id/4a02192762e3f46a75fe0f69f31c2bf2;2,334723518;48,85178869
c1771135ef0eb776e6ce0f00819b9c1d;21/02/2025;02;2025;02-2025;Vente;75;{75106};102 Rue D Assas 75006 Paris 06;102 Rue D Assas;75006;PARIS 06;{75106000AS0025};Un appartement;1055000;69;0;2;15289,86;0;{UG};{https://www.geoportail-urbanisme.gouv.fr/map/parcel-info/75_106_000_000_AS_0025};https://www.geoportail-urbanisme.gouv.fr/document/by-id/4a02192762e3f46a75fe0f69f31c2bf2;2,333897486;48,84288605
d8ee52ad8bd826cb23ffbc909aeae6a6;21/02/2025;02;2025;02-2025;Vente;75;{75106};60 Rue D Assas 75006 Paris 06;60 Rue D Assas;75006;PARIS 06;{75106000AU0009};Un appartement;312460;35;0;1;8927,43;0;{UG};{https://www.geoportail-urbanisme.gouv.fr/map/parcel-info/75_106_000_000_AU_0009};https://www.geoportail-urbanisme.gouv.fr/document/by-id/4a02192762e3f46a75fe0f69f31c2bf2;2,331027747;48,84595043
7aa015ce060aa47cf9518226315b46e1;21/02/2025;02;2025;02-2025;Vente;75;{75106};9 Rue Stanislas 75006 Paris 06;9 Rue Stanislas;75006;PARIS 06;{75106000AT0129};Un appartement;1010790;56;0;2;18049,82;0;{UG};{https://www.geoportail-urbanisme.gouv.fr/map/parcel-info/75_106_000_000_AT_0129};https://www.geoportail-urbanisme.gouv.fr/document/by-id/4a02192762e3f46a75fe0f69f31c2bf2;2,32828227;48,84343319
78b4cf633d272291451f0d8daaa56ada;20/02/2025;02;2025;02-2025;Vente;75;{75106};12 Rue Mayet 75006 Paris 06;12 Rue Mayet;75006;PARIS 06;{75106000BC0026};Un appartement;846500;68;0;4;12448,53;0;{UG};{https://www.geoportail-urbanisme.gouv.fr/map/parcel-info/75_106_000_000_BC_0026};https://www.geoportail-urbanisme.gouv.fr/document/by-id/4a02192762e3f46a75fe0f69f31c2bf2;2,318558753;48,8465409
08cdf9e6a4b10a6b920446fa79a1b23e;19/02/2025;02;2025;02-2025;Vente;75;{75106};54 Rue Jacob 75006 Paris 06;54 Rue Jacob;75006;PARIS 06;{75106000BM0022};Un appartement;12000;43;0;1;279,07;0;{UG};{https://www.geoportail-urbanisme.gouv.fr/map/parcel-info/75_106_000_000_BM_0022};https://www.geoportail-urbanisme.gouv.fr/document/by-id/4a02192762e3f46a75fe0f69f31c2bf2;2,332466925;48,85628807
4d92e77dc6e56dc737d995583dbf5f23;19/02/2025;02;2025;02-2025;Vente;75;{75106};33 Rue Du Dragon 75006 Paris 06;33 Rue Du Dragon;75006;PARIS 06;{75106000BI0096};Un appartement;1210000;53;0;4;22830,19;0;{UG};{https://www.geoportail-urbanisme.gouv.fr/map/parcel-info/75_106_000_000_BI_0096};https://www.geoportail-urbanisme.gouv.fr/document/by-id/4a02192762e3f46a75fe0f69f31c2bf2;2,330452282;48,85257418
05f13997cda5ea6eef8164f386fe44ca;17/02/2025;02;2025;02-2025;Vente;75;{75106};118 Rue De Vaugirard 75006 Paris 06;118 Rue De Vaugirard;75006;PARIS 06;{75106000AZ0037};Un appartement;430000;34;0;1;12647,06;0;{UG};{https://www.geoportail-urbanisme.gouv.fr/map/parcel-info/75_106_000_000_AZ_0037};https://www.geoportail-urbanisme.gouv.fr/document/by-id/4a02192762e3f46a75fe0f69f31c2bf2;2,32107617;48,84572598
7b4b403c372efad12e77ad19a8db2bd4;14/02/2025;02;2025;02-2025;Vente;75;{75106};161 Rue De Rennes 75006 Paris 06;161 Rue De Rennes;75006;PARIS 06;{75106000AW0007};Un appartement;795000;62;0;4;12822,58;0;{UG};{https://www.geoportail-urbanisme.gouv.fr/map/parcel-info/75_106_000_000_AW_0007};https://www.geoportail-urbanisme.gouv.fr/document/by-id/4a02192762e3f46a75fe0f69f31c2bf2;2,325125265;48,84476115
7f31db77eb31648f33dc0a428b08cc25;14/02/2025;02;2025;02-2025;Vente;75;{75106};56 Rue Bonaparte 75006 Paris 06;56 Rue Bonaparte;75006;PARIS 06;{75106000BJ0064};Un appartement;580000;45;0;2;12888,89;0;{UG};{https://www.geoportail-urbanisme.gouv.fr/map/parcel-info/75_106_000_000_BJ_0064};https://www.geoportail-urbanisme.gouv.fr/document/by-id/4a02192762e3f46a75fe0f69f31c2bf2;2,333112702;48,85286932
4e2852d2bd15867bd749cfcc326760e8;13/02/2025;02;2025;02-2025;Vente;75;{75106};11 Rue De Vaugirard 75006 Paris 06;11 Rue De Vaugirard;75006;PARIS 06;{75106000AK0088};Un appartement;375000;32;0;1;11718,75;0;{UG};{https://www.geoportail-urbanisme.gouv.fr/map/parcel-info/75_106_000_000_AK_0088};https://www.geoportail-urbanisme.gouv.fr/document/by-id/4a02192762e3f46a75fe0f69f31c2bf2;2,339586705;48,84883995
103ab01206736485c3ae0b9e4694f3b8;12/02/2025;02;2025;02-2025;Vente;75;{75106};32 Rue Saint Sulpice 75006 Paris 06;32 Rue Saint Sulpice;75006;PARIS 06;{75106000AH0115};Deux appartements;481300;33;0;2;14584,85;0;{UG};{https://www.geoportail-urbanisme.gouv.fr/map/parcel-info/75_106_000_000_AH_0115};https://www.geoportail-urbanisme.gouv.fr/document/by-id/4a02192762e3f46a75fe0f69f31c2bf2;2,335059714;48,85140692
ae978f5153ebdda1d4f4305a13993f06;12/02/2025;02;2025;02-2025;Vente;75;{75106};99 Rue De Sevres 75006 Paris 06;99 Rue De Sevres;75006;PARIS 06;{75106000BD0035};Un appartement;1290000;103;0;3;12524,27;0;{UG};{https://www.geoportail-urbanisme.gouv.fr/map/parcel-info/75_106_000_000_BD_0035};https://www.geoportail-urbanisme.gouv.fr/document/by-id/4a02192762e3f46a75fe0f69f31c2bf2;2,321263685;48,84822611
bd0249e58faf99d0b5ad9ddf1c9f9cb3;11/02/2025;02;2025;02-2025;Vente;75;{75106};3 Rue De L Abbe Gregoire 75006 Paris 06;3 Rue De L Abbe Gregoire;75006;PARIS 06;{75106000BE0004};Activite;310000;38;0;0;8157,89;0;{UG};{https://www.geoportail-urbanisme.gouv.fr/map/parcel-info/75_106_000_000_BE_0004};https://www.geoportail-urbanisme.gouv.fr/document/by-id/4a02192762e3f46a75fe0f69f31c2bf2;2,323633605;48,84970133
d27a007e63e17b2e8602aa26220133ed;10/02/2025;02;2025;02-2025;Vente;75;{75106};6 Rue De Mezieres 75006 Paris 06;6 Rue De Mezieres;75006;PARIS 06;{75106000BH0090};Un appartement;1677500;93;0;4;18037,63;0;{UG};{https://www.geoportail-urbanisme.gouv.fr/map/parcel-info/75_106_000_000_BH_0090};https://www.geoportail-urbanisme.gouv.fr/document/by-id/4a02192762e3f46a75fe0f69f31c2bf2;2,331527493;48,85039132
c98b737c547081d7aa86167ef5966171;07/02/2025;02;2025;02-2025;Vente;75;{75106};53 Bd Du Montparnasse 75006 Paris 06;53 Bd Du Montparnasse;75006;PARIS 06;{75106000AX0026};Activite;460000;44;0;0;10454,55;0;{UG};{https://www.geoportail-urbanisme.gouv.fr/map/parcel-info/75_106_000_000_AX_0026};https://www.geoportail-urbanisme.gouv.fr/document/by-id/4a02192762e3f46a75fe0f69f31c2bf2;2,32271299;48,84468929
91585996b0ea9b91959c94a95281ab69;07/02/2025;02;2025;02-2025;Vente;75;{75106};4 B Rue Des Beaux-Arts 75006 Paris 06;4 B Rue Des Beaux-Arts;75006;PARIS 06;{75106000BM0058};Un appartement;870000;57;0;3;15263,16;0;{UG};{https://www.geoportail-urbanisme.gouv.fr/map/parcel-info/75_106_000_000_BM_0058};https://www.geoportail-urbanisme.gouv.fr/document/by-id/4a02192762e3f46a75fe0f69f31c2bf2;2,335932871;48,85658145
d8635231a1e8d2c51a147b971d71e21f;07/02/2025;02;2025;02-2025;Vente;75;{75106};34 Rue Saint Placide 75006 Paris 06;34 Rue Saint Placide;75006;PARIS 06;{75106000BF0031};Un appartement;670000;78;0;3;8589,74;0;{UG};{https://www.geoportail-urbanisme.gouv.fr/map/parcel-info/75_106_000_000_BF_0031};https://www.geoportail-urbanisme.gouv.fr/document/by-id/4a02192762e3f46a75fe0f69f31c2bf2;2,325462606;48,84846719
56c8688506e82834fd4417c5e769259b;06/02/2025;02;2025;02-2025;Vente;75;{75106};8 Rue Du Dragon 75006 Paris 06;8 Rue Du Dragon;75006;PARIS 06;{75106000BI0036};Un appartement;500000;34;0;2;14705,88;0;{UG};{https://www.geoportail-urbanisme.gouv.fr/map/parcel-info/75_106_000_000_BI_0036};https://www.geoportail-urbanisme.gouv.fr/document/by-id/4a02192762e3f46a75fe0f69f31c2bf2;2,331148333;48,85376145
839f0ad61b1a1494a19944b867ebcab6;06/02/2025;02;2025;02-2025;Vente;75;{75106};4 Rue Crebillon 75006 Paris 06;4 Rue Crebillon;75006;PARIS 06;{75106000AJ0055};Un appartement;400000;30;0;2;13333,33;0;{UG};{https://www.geoportail-urbanisme.gouv.fr/map/parcel-info/75_106_000_000_AJ_0055};https://www.geoportail-urbanisme.gouv.fr/document/by-id/4a02192762e3f46a75fe0f69f31c2bf2;2,33812949;48,85000802
64665406d6d790a0561ea70f66fd3a00;05/02/2025;02;2025;02-2025;Vente;75;{75106};4 Rue Clement 75006 Paris 06;4 Rue Clement;75006;PARIS 06;{75106000AH0095};Un appartement;964330;84;0;3;11480,12;0;{UG};{https://www.geoportail-urbanisme.gouv.fr/map/parcel-info/75_106_000_000_AH_0095};https://www.geoportail-urbanisme.gouv.fr/document/by-id/4a02192762e3f46a75fe0f69f31c2bf2;2,33640739;48,85258547
59554dd467ea88c955c984700003b475;04/02/2025;02;2025;02-2025;Vente;75;{75106};42 Rue D Assas 75006 Paris 06;42 Rue D Assas;75006;PARIS 06;{75106000AV0021};Un appartement;1107000;77;0;3;14376,62;0;{UG};{https://www.geoportail-urbanisme.gouv.fr/map/parcel-info/75_106_000_000_AV_0021};https://www.geoportail-urbanisme.gouv.fr/document/by-id/4a02192762e3f46a75fe0f69f31c2bf2;2,329872736;48,8471943
50cad024a40965816d60d39e679ea5f9;03/02/2025;02;2025;02-2025;Vente;75;{75106};89 Rue De Vaugirard 75006 Paris 06;89 Rue De Vaugirard;75006;PARIS 06;{75106000AX0022};Un appartement;945000;37;0;1;25540,54;0;{UG};{https://www.geoportail-urbanisme.gouv.fr/map/parcel-info/75_106_000_000_AX_0022};https://www.geoportail-urbanisme.gouv.fr/document/by-id/4a02192762e3f46a75fe0f69f31c2bf2;2,323037233;48,84567685
4cd04534098e5b7dcf36bf73800867d1;03/02/2025;02;2025;02-2025;Vente;75;{75106};80 Rue Bonaparte 75006 Paris 06;80 Rue Bonaparte;75006;PARIS 06;{75106000AI0076};Un appartement;1440000;73;0;5;19726,03;0;{UG};{https://www.geoportail-urbanisme.gouv.fr/map/parcel-info/75_106_000_000_AI_0076};https://www.geoportail-urbanisme.gouv.fr/document/by-id/4a02192762e3f46a75fe0f69f31c2bf2;2,332221101;48,85006895
a79f1a3cdb573d56a7846578e5f17dfb;31/01/2025;01;2025;01-2025;Vente;75;{75106};129 Rue De Sevres 75006 Paris 06;129 Rue De Sevres;75006;PARIS 06;{75106000BC0036};Un appartement;807692;54;0;3;14957,26;0;{UG};{https://www.geoportail-urbanisme.gouv.fr/map/parcel-info/75_106_000_000_BC_0036};https://www.geoportail-urbanisme.gouv.fr/document/by-id/4a02192762e3f46a75fe0f69f31c2bf2;2,318756977;48,84723462
90f8bb87e6193ce5a17ddb108fa5180d;31/01/2025;01;2025;01-2025;Vente;75;{75106};89 Rue De Vaugirard 75006 Paris 06;89 Rue De Vaugirard;75006;PARIS 06;{75106000AX0022};Un appartement;827000;65;0;3;12723,08;0;{UG};{https://www.geoportail-urbanisme.gouv.fr/map/parcel-info/75_106_000_000_AX_0022};https://www.geoportail-urbanisme.gouv.fr/document/by-id/4a02192762e3f46a75fe0f69f31c2bf2;2,323037233;48,84567685
d07e5e904c0e529f5d1fdf5bb5e21e17;30/01/2025;01;2025;01-2025;Vente;75;{75106};15 Rue De Mezieres 75006 Paris 06;15 Rue De Mezieres;75006;PARIS 06;{75106000BG0051};Un appartement;1500000;98;0;4;15306,12;0;{UG};{https://www.geoportail-urbanisme.gouv.fr/map/parcel-info/75_106_000_000_BG_0051};https://www.geoportail-urbanisme.gouv.fr/document/by-id/4a02192762e3f46a75fe0f69f31c2bf2;2,330182594;48,8500688
b0ab095789b765dfcd46ccd0461bcd5f;30/01/2025;01;2025;01-2025;Vente;75;{75106};54 Rue De Seine 75006 Paris 06;54 Rue De Seine;75006;PARIS 06;{75106000BK0039};Un appartement;920000;73;0;3;12602,74;0;{UG};{https://www.geoportail-urbanisme.gouv.fr/map/parcel-info/75_106_000_000_BK_0039};https://www.geoportail-urbanisme.gouv.fr/document/by-id/4a02192762e3f46a75fe0f69f31c2bf2;2,336612277;48,85414343
0d03302963eebaa1f70789c4bee16f7c;30/01/2025;01;2025;01-2025;Vente;75;{75106};23 Rue Du Montparnasse 75006 Paris 06;23 Rue Du Montparnasse;75006;PARIS 06;{75106000AW0071};Un appartement;1550000;100;0;4;15500;0;{UG};{https://www.geoportail-urbanisme.gouv.fr/map/parcel-info/75_106_000_000_AW_0071};https://www.geoportail-urbanisme.gouv.fr/document/by-id/4a02192762e3f46a75fe0f69f31c2bf2;2,327700283;48,84409267
1ba19eac7d08d1aec2ecfa01371561cd;29/01/2025;01;2025;01-2025;Vente;75;{75106};46 Rue Saint Andre Des Arts 75006 Paris 06;46 Rue Saint Andre Des Arts;75006;PARIS 06;{75106000AE0013};Un appartement;340100;30;0;2;11336,67;0;{UG};{https://www.geoportail-urbanisme.gouv.fr/map/parcel-info/75_106_000_000_AE_0013};https://www.geoportail-urbanisme.gouv.fr/document/by-id/4a02192762e3f46a75fe0f69f31c2bf2;2,340817163;48,85360934
227339105b6185c1d530bf4e8a25568d;28/01/2025;01;2025;01-2025;Vente;75;{75106};42 Rue Saint Placide 75006 Paris 06;42 Rue Saint Placide;75006;PARIS 06;{75106000BF0026};Deux appartements;603000;39;0;4;15461,54;0;{UG};{https://www.geoportail-urbanisme.gouv.fr/map/parcel-info/75_106_000_000_BF_0026};https://www.geoportail-urbanisme.gouv.fr/document/by-id/4a02192762e3f46a75fe0f69f31c2bf2;2,325718547;48,84806613
250c1052d691dbc25b4f4728f67d90a2;27/01/2025;01;2025;01-2025;Vente;75;{75106};11 Rue Jean Ferrandi 75006 Paris 06;11 Rue Jean Ferrandi;75006;PARIS 06;{75106000AY0030};Un appartement;530000;40;0;2;13250;0;{UG};{https://www.geoportail-urbanisme.gouv.fr/map/parcel-info/75_106_000_000_AY_0030};https://www.geoportail-urbanisme.gouv.fr/document/by-id/4a02192762e3f46a75fe0f69f31c2bf2;2,324017145;48,84669081
d4a987cb11b4b3816bdd31bafa85b2d1;27/01/2025;01;2025;01-2025;Vente;75;{75106};153 Rue De Rennes 75006 Paris 06;153 Rue De Rennes;75006;PARIS 06;{75106000AW0004};Un appartement;360577;32;0;2;11268,03;0;{UG};{https://www.geoportail-urbanisme.gouv.fr/map/parcel-info/75_106_000_000_AW_0004};https://www.geoportail-urbanisme.gouv.fr/document/by-id/4a02192762e3f46a75fe0f69f31c2bf2;2,325518601;48,84515412
edf2019ea5c33fc5efc1e60bd0aa0395;27/01/2025;01;2025;01-2025;Vente;75;{75106};72 Bd Raspail 75006 Paris 06;72 Bd Raspail;75006;PARIS 06;{75106000BF0076};Un appartement;1840000;120;0;5;15333,33;0;{UG};{https://www.geoportail-urbanisme.gouv.fr/map/parcel-info/75_106_000_000_BF_0076};https://www.geoportail-urbanisme.gouv.fr/document/by-id/4a02192762e3f46a75fe0f69f31c2bf2;2,327312596;48,84852343
22c9a7c516b2173642f83caf6afdca51;24/01/2025;01;2025;01-2025;Vente;75;{75106};3 Rue Gregoire De Tours 75006 Paris 06;3 Rue Gregoire De Tours;75006;PARIS 06;{75106000AD0023};Activite;700000;60;0;0;11666,67;0;{UG};{https://www.geoportail-urbanisme.gouv.fr/map/parcel-info/75_106_000_000_AD_0023};https://www.geoportail-urbanisme.gouv.fr/document/by-id/4a02192762e3f46a75fe0f69f31c2bf2;2,338009466;48,85350907
89f1e9ca3aee757b048cff800bcdc859;24/01/2025;01;2025;01-2025;Vente;75;{75106};10 Rue D Assas 75006 Paris 06;10 Rue D Assas;75006;PARIS 06;{75106000BG0008};Un appartement;505000;55;0;2;9181,82;0;{UG};{https://www.geoportail-urbanisme.gouv.fr/map/parcel-info/75_106_000_000_BG_0008};https://www.geoportail-urbanisme.gouv.fr/document/by-id/4a02192762e3f46a75fe0f69f31c2bf2;2,328052802;48,84947249
dcc3ebe5c6e9f77a022539f132189dbc;23/01/2025;01;2025;01-2025;Vente;75;{75106};4 B Rue Jules Chaplain 75006 Paris 06;4 B Rue Jules Chaplain;75006;PARIS 06;{75106000AT0137};Deux appartements;1150000;119;0;6;9663,87;0;{UG};{https://www.geoportail-urbanisme.gouv.fr/map/parcel-info/75_106_000_000_AT_0137};https://www.geoportail-urbanisme.gouv.fr/document/by-id/4a02192762e3f46a75fe0f69f31c2bf2;2,330602174;48,84314307
2ad590e9ffd2c435e76efd5073d30a81;22/01/2025;01;2025;01-2025;Vente;75;{75106};15 Rue De Sevres 75006 Paris 06;15 Rue De Sevres;75006;PARIS 06;{75106000BH0004};Un appartement;641500;49;0;2;13091,84;0;{UG};{https://www.geoportail-urbanisme.gouv.fr/map/parcel-info/75_106_000_000_BH_0004};https://www.geoportail-urbanisme.gouv.fr/document/by-id/4a02192762e3f46a75fe0f69f31c2bf2;2,32821166;48,85150997
be8e98360cca33ab88f31c0d4200492f;21/01/2025;01;2025;01-2025;Vente;75;{75107};37 Rue Rousselet 75007 Paris 07;37 Rue Rousselet;75007;PARIS 07;{75107000BG0021};Un appartement;750;88;0;3;8,52;0;{US};{https://www.geoportail-urbanisme.gouv.fr/map/parcel-info/75_107_000_000_BG_0021};https://www.geoportail-urbanisme.gouv.fr/document/by-id/2878696fe46af1a8ba41d46374432943;2,319051909;48,84800837
49aa4acbada809ebea40f1b18219ac00;20/01/2025;01;2025;01-2025;Vente;75;{75106};35 Rue De Seine 75006 Paris 06;35 Rue De Seine;75006;PARIS 06;{75106000AB0023};Un appartement;11000;60;0;3;183,33;0;{UG};{https://www.geoportail-urbanisme.gouv.fr/map/parcel-info/75_106_000_000_AB_0023};https://www.geoportail-urbanisme.gouv.fr/document/by-id/4a02192762e3f46a75fe0f69f31c2bf2;2,337063024;48,85570351
a41a1b592ff77b9f4bb7724ee98e0bf4;17/01/2025;01;2025;01-2025;Vente;75;{75106};18 Rue Saint Sulpice 75006 Paris 06;18 Rue Saint Sulpice;75006;PARIS 06;{75106000AH0102};Un appartement;2340000;110;0;5;21272,73;0;{UG};{https://www.geoportail-urbanisme.gouv.fr/map/parcel-info/75_106_000_000_AH_0102};https://www.geoportail-urbanisme.gouv.fr/document/by-id/4a02192762e3f46a75fe0f69f31c2bf2;2,336854091;48,85165193
b050c182fd0ae80e28001627596fdba9;16/01/2025;01;2025;01-2025;Vente;75;{75106};12 Rue Des Beaux-Arts 75006 Paris 06;12 Rue Des Beaux-Arts;75006;PARIS 06;{75106000BM0062};Activite;750000;47;0;0;15957,45;0;{UG};{https://www.geoportail-urbanisme.gouv.fr/map/parcel-info/75_106_000_000_BM_0062};https://www.geoportail-urbanisme.gouv.fr/document/by-id/4a02192762e3f46a75fe0f69f31c2bf2;2,33517027;48,85652926
21a08ccdd38760cbde52126358c8c3b4;16/01/2025;01;2025;01-2025;Vente;75;{75106};60 Rue Saint Placide 75006 Paris 06;60 Rue Saint Placide;75006;PARIS 06;{75106000BF0017};Un appartement;867691;61;0;3;14224,44;0;{UG};{https://www.geoportail-urbanisme.gouv.fr/map/parcel-info/75_106_000_000_BF_0017};https://www.geoportail-urbanisme.gouv.fr/document/by-id/4a02192762e3f46a75fe0f69f31c2bf2;2,326290625;48,84727663
a2ee050d925fb705af5c7dcdcb806c18;16/01/2025;01;2025;01-2025;Vente;75;{75106};62 Rue Monsieur Le Prince 75006 Paris 06;62 Rue Monsieur Le Prince;75006;PARIS 06;{75106000AK0071};Un appartement;609000;55;0;3;11072,73;0;{UG};{https://www.geoportail-urbanisme.gouv.fr/map/parcel-info/75_106_000_000_AK_0071};https://www.geoportail-urbanisme.gouv.fr/document/by-id/4a02192762e3f46a75fe0f69f31c2bf2;2,340592141;48,84790145
a335e68ff26e6aefcc10b837500bac05;15/01/2025;01;2025;01-2025;Vente;75;{75106};25 Rue Du Dragon 75006 Paris 06;25 Rue Du Dragon;75006;PARIS 06;{75106000BI0090};Un appartement;546150;43;0;2;12701,16;0;{UG};{https://www.geoportail-urbanisme.gouv.fr/map/parcel-info/75_106_000_000_BI_0090};https://www.geoportail-urbanisme.gouv.fr/document/by-id/4a02192762e3f46a75fe0f69f31c2bf2;2,330675253;48,85270362
e28c832a3bbf68aff8ba33ab140b9f17;15/01/2025;01;2025;01-2025;Vente;75;{75106};10 Rue Mayet 75006 Paris 06;10 Rue Mayet;75006;PARIS 06;{75106000BC0027};Un appartement;550000;49;0;2;11224,49;0;{UG};{https://www.geoportail-urbanisme.gouv.fr/map/parcel-info/75_106_000_000_BC_0027};https://www.geoportail-urbanisme.gouv.fr/document/by-id/4a02192762e3f46a75fe0f69f31c2bf2;2,318429165;48,84674571
c278fae80e06d3a0143ce2c02f4d9773;14/01/2025;01;2025;01-2025;Vente;75;{75106};46 Rue Vavin 75006 Paris 06;46 Rue Vavin;75006;PARIS 06;{75106000AT0115};Un appartement;540000;43;0;2;12558,14;0;{UG};{https://www.geoportail-urbanisme.gouv.fr/map/parcel-info/75_106_000_000_AT_0115};https://www.geoportail-urbanisme.gouv.fr/document/by-id/4a02192762e3f46a75fe0f69f31c2bf2;2,328753025;48,84296962
818529336887eaf87de5e2b88ca0959e;14/01/2025;01;2025;01-2025;Vente;75;{75106};117 Rue Du Cherche-Midi 75006 Paris 06;117 Rue Du Cherche-Midi;75006;PARIS 06;{75106000AZ0003};Un appartement;430000;31;0;2;13870,97;0;{UG};{https://www.geoportail-urbanisme.gouv.fr/map/parcel-info/75_106_000_000_AZ_0003};https://www.geoportail-urbanisme.gouv.fr/document/by-id/4a02192762e3f46a75fe0f69f31c2bf2;2,31991663;48,84585551
120e25d8b30662e5fa1477f44d8da1a2;14/01/2025;01;2025;01-2025;Vente;75;{75106};42 Rue Du Dragon 75006 Paris 06;42 Rue Du Dragon;75006;PARIS 06;{75106000BI0020};Un appartement;715000;41;0;2;17439,02;0;{UG};{https://www.geoportail-urbanisme.gouv.fr/map/parcel-info/75_106_000_000_BI_0020};https://www.geoportail-urbanisme.gouv.fr/document/by-id/4a02192762e3f46a75fe0f69f31c2bf2;2,329983643;48,85259748
f269c36d11494c55f7bdbf97b377b393;10/01/2025;01;2025;01-2025;Vente;75;{75106};12 Rue Guisarde 75006 Paris 06;12 Rue Guisarde;75006;PARIS 06;{75106000AH0058};Un appartement;393720;42;0;2;9374,29;0;{UG};{https://www.geoportail-urbanisme.gouv.fr/map/parcel-info/75_106_000_000_AH_0058};https://www.geoportail-urbanisme.gouv.fr/document/by-id/4a02192762e3f46a75fe0f69f31c2bf2;2,334184121;48,85192214
31adaa0e02dba2fe30fe34fb729ce5cd;10/01/2025;01;2025;01-2025;Vente;75;{75106};15 Rue Brea 75006 Paris 06;15 Rue Brea;75006;PARIS 06;{75106000AT0043};Deux appartements;540000;48;0;3;11250;0;{UG};{https://www.geoportail-urbanisme.gouv.fr/map/parcel-info/75_106_000_000_AT_0043};https://www.geoportail-urbanisme.gouv.fr/document/by-id/4a02192762e3f46a75fe0f69f31c2bf2;2,33021556;48,84291034
e23aac4deee046eaca062d2fb6ec9e57;09/01/2025;01;2025;01-2025;Vente;75;{75106};126 Rue D Assas 75006 Paris 06;126 Rue D Assas;75006;PARIS 06;{75106000AR0040};Un appartement;609250;44;0;2;13846,59;0;{UG};{https://www.geoportail-urbanisme.gouv.fr/map/parcel-info/75_106_000_000_AR_0040};https://www.geoportail-urbanisme.gouv.fr/document/by-id/4a02192762e3f46a75fe0f69f31c2bf2;2,33516879;48,84162411
e153935cfb610c452187e9a66844b0a5;09/01/2025;01;2025;01-2025;Vente;75;{75106};38 Rue Du Dragon 75006 Paris 06;38 Rue Du Dragon;75006;PARIS 06;{75106000BI0022};Un appartement;1260000;80;0;2;15750;0;{UG};{https://www.geoportail-urbanisme.gouv.fr/map/parcel-info/75_106_000_000_BI_0022};https://www.geoportail-urbanisme.gouv.fr/document/by-id/4a02192762e3f46a75fe0f69f31c2bf2;2,330120849;48,85280979
ed4382ae1c24fb7e04e3a4f881bcb529;08/01/2025;01;2025;01-2025;Vente;75;{75106};9 T Bd Du Montparnasse 75006 Paris 06;9 T Bd Du Montparnasse;75006;PARIS 06;{75106000AZ0037,75106000BC0011};Un appartement;1420000;81;0;3;17530,86;0;{UG};{https://www.geoportail-urbanisme.gouv.fr/map/parcel-info/75_106_000_000_AZ_0037,https://www.geoportail-urbanisme.gouv.fr/map/parcel-info/75_106_000_000_BC_0011};https://www.geoportail-urbanisme.gouv.fr/document/by-id/4a02192762e3f46a75fe0f69f31c2bf2;2,319877651;48,84587943
f25f0a8e4c938c3160075c23bcae4826;08/01/2025;01;2025;01-2025;Vente;75;{75106};33 Rue Saint Placide 75006 Paris 06;33 Rue Saint Placide;75006;PARIS 06;{75106000BF0039};Un appartement;450000;31;0;3;14516,13;0;{UG};{https://www.geoportail-urbanisme.gouv.fr/map/parcel-info/75_106_000_000_BF_0039};https://www.geoportail-urbanisme.gouv.fr/document/by-id/4a02192762e3f46a75fe0f69f31c2bf2;2,325890048;48,84864055
578f163f808de3feadcc6e4214b71da1;08/01/2025;01;2025;01-2025;Vente;75;{75106};50 Rue De Rennes 75006 Paris 06;50 Rue De Rennes;75006;PARIS 06;{75106000BI0055};Un appartement;1222200;70;0;3;17460;0;{UG};{https://www.geoportail-urbanisme.gouv.fr/map/parcel-info/75_106_000_000_BI_0055};https://www.geoportail-urbanisme.gouv.fr/document/by-id/4a02192762e3f46a75fe0f69f31c2bf2;2,331973032;48,85347147
bafc7d34c63f4cf37481abba7a308dd9;07/01/2025;01;2025;01-2025;Vente;75;{75106};10 Rue Huysmans 75006 Paris 06;10 Rue Huysmans;75006;PARIS 06;{75106000AV0084};Deux appartements;1500000;95;0;4;15789,47;0;{UG};{https://www.geoportail-urbanisme.gouv.fr/map/parcel-info/75_106_000_000_AV_0084};https://www.geoportail-urbanisme.gouv.fr/document/by-id/4a02192762e3f46a75fe0f69f31c2bf2;2,329026288;48,84599336
7b003f14d42b24fa7874449cca7b97c8;06/01/2025;01;2025;01-2025;Vente;75;{75106};1 Rue Dupuytren 75006 Paris 06;1 Rue Dupuytren;75006;PARIS 06;{75106000AG0056};Un appartement;350000;30;0;2;11666,67;0;{UG};{https://www.geoportail-urbanisme.gouv.fr/map/parcel-info/75_106_000_000_AG_0056};https://www.geoportail-urbanisme.gouv.fr/document/by-id/4a02192762e3f46a75fe0f69f31c2bf2;2,339709376;48,85166779
6eb3b3fee54b84f566eb082ae89c4521;02/01/2025;01;2025;01-2025;Vente;75;{75106};1 Rue Paul Sejourne 75006 Paris 06;1 Rue Paul Sejourne;75006;PARIS 06;{75106000AR0086};Un appartement;1400000;79;0;4;17721,52;0;{UG};{https://www.geoportail-urbanisme.gouv.fr/map/parcel-info/75_106_000_000_AR_0086};https://www.geoportail-urbanisme.gouv.fr/document/by-id/4a02192762e3f46a75fe0f69f31c2bf2;2,332284391;48,84163924